symbol,has_fireant_ohlcv,has_vnstock_ohlcv,in_vnstock_listing_snapshot,vnstock_organ_name,listing_evidence_status,activity_status,delisted_status,snapshot_date
A32,True,True,True,CTCP 32,present_in_current_vnstock_listing,unknown,unverified,2026-08-09
AAA,True,True,True,CTCP Nhựa An Phát Xanh,present_in_current_vnstock_listing,unknown,unverified,2026-08-09
AAH,True,True,True,CTCP Hợp Nhất,present_in_current_vnstock_listing,unknown,unverified,2026-08-09
AAM,True,True,True,CTCP Thủy sản MeKong,present_in_current_vnstock_listing,unknown,unverified,2026-08-09
AAN,True,True,True,CTCP Lương thực A An,present_in_current_vnstock_listing,unknown,unverified,2026-08-09
AAS,True,True,True,CTCP Chứng khoán SmartInvest ,present_in_current_vnstock_listing,unknown,unverified,2026-08-09
AAT,True,True,True,CTCP Tập Đoàn Tiên Sơn Thanh Hóa ,present_in_current_vnstock_listing,unknown,unverified,2026-08-09
AAV,True,True,True,CTCP AAV Group,present_in_current_vnstock_listing,unknown,unverified,2026-08-09
ABB,True,True,True,Ngân hàng TMCP An Bình,present_in_current_vnstock_listing,unknown,unverified,2026-08-09
ABC,True,True,True,CTCP Truyền thông VMG,present_in_current_vnstock_listing,unknown,unverified,2026-08-09
ABI,True,True,True,CTCP Bảo hiểm Ngân hàng Nông nghiệp Việt Nam,present_in_current_vnstock_listing,unknown,unverified,2026-08-09
ABR,True,True,True,CTCP Đầu tư Nhãn hiệu Việt,present_in_current_vnstock_listing,unknown,unverified,2026-08-09
ABS,True,True,True,CTCP Dịch vụ Nông nghiệp Bình Thuận,present_in_current_vnstock_listing,unknown,unverified,2026-08-09
ABT,True,True,True,CTCP Xuất nhập khẩu Thủy sản Bến Tre,present_in_current_vnstock_listing,unknown,unverified,2026-08-09
ABW,True,True,True,CTCP Chứng khoán An Bình,present_in_current_vnstock_listing,unknown,unverified,2026-08-09
ACB,True,True,True,Ngân hàng TMCP Á Châu,present_in_current_vnstock_listing,unknown,unverified,2026-08-09
ACC,True,True,True,CTCP Đầu tư và Xây dựng Bình Dương ACC,present_in_current_vnstock_listing,unknown,unverified,2026-08-09
ACE,True,True,True,CTCP Bê tông Ly tâm An Giang,present_in_current_vnstock_listing,unknown,unverified,2026-08-09
ACG,True,True,True,CTCP Gỗ An Cường,present_in_current_vnstock_listing,unknown,unverified,2026-08-09
ACL,True,True,True,CTCP Xuất nhập khẩu Thủy sản Cửu Long An Giang,present_in_current_vnstock_listing,unknown,unverified,2026-08-09
ACM,True,True,True,CTCP Tập đoàn Khoáng sản Á Cường,present_in_current_vnstock_listing,unknown,unverified,2026-08-09
ACS,True,True,True,CTCP Xây lắp Thương mại 2,present_in_current_vnstock_listing,unknown,unverified,2026-08-09
ACV,True,True,True,Tổng Công ty Cảng Hàng không Việt Nam - CTCP,present_in_current_vnstock_listing,unknown,unverified,2026-08-09
ADC,True,True,True,CTCP Mỹ thuật và Truyền thông,present_in_current_vnstock_listing,unknown,unverified,2026-08-09
ADG,True,True,True,CTCP Clever Group,present_in_current_vnstock_listing,unknown,unverified,2026-08-09
ADP,True,True,True,CTCP Sơn Á Đông,present_in_current_vnstock_listing,unknown,unverified,2026-08-09
ADS,True,True,True,CTCP Damsan,present_in_current_vnstock_listing,unknown,unverified,2026-08-09
AFX,True,True,True,CTCP Xuất nhập khẩu Nông sản Thực phẩm An Giang,present_in_current_vnstock_listing,unknown,unverified,2026-08-09
AG1,True,True,True,CTCP 28.1,present_in_current_vnstock_listing,unknown,unverified,2026-08-09
AGF,True,True,True,CTCP Xuất nhập khẩu Thủy sản An Giang,present_in_current_vnstock_listing,unknown,unverified,2026-08-09
AGG,True,True,True,CTCP Đầu tư và Phát triển Bất động sản An Gia,present_in_current_vnstock_listing,unknown,unverified,2026-08-09
AGM,True,True,True,CTCP Xuất Nhập khẩu An Giang,present_in_current_vnstock_listing,unknown,unverified,2026-08-09
AGP,True,True,True,CTCP Dược phẩm Agimexpharm,present_in_current_vnstock_listing,unknown,unverified,2026-08-09
AGR,True,True,True,CTCP Chứng khoán Agribank,present_in_current_vnstock_listing,unknown,unverified,2026-08-09
AGX,True,True,True,CTCP Thực phẩm Nông Sản xuất khẩu Sài Gòn,present_in_current_vnstock_listing,unknown,unverified,2026-08-09
AIC,True,True,True,Tổng Công ty Cổ phần Bảo hiểm DBV,present_in_current_vnstock_listing,unknown,unverified,2026-08-09
AIG,True,True,True,CTCP Nguyên liệu Á Châu AIG,present_in_current_vnstock_listing,unknown,unverified,2026-08-09
ALC,True,True,True,CTCP Âu Lạc,present_in_current_vnstock_listing,unknown,unverified,2026-08-09
ALT,True,True,True,CTCP Văn hóa Tân Bình,present_in_current_vnstock_listing,unknown,unverified,2026-08-09
ALV,True,True,True,CTCP Tập đoàn MCST,present_in_current_vnstock_listing,unknown,unverified,2026-08-09
AMC,True,True,True,CTCP Khoáng sản Á Châu,present_in_current_vnstock_listing,unknown,unverified,2026-08-09
AME,True,True,True,CTCP Alphanam E&C,present_in_current_vnstock_listing,unknown,unverified,2026-08-09
AMP,True,True,True,CTCP Armephaco,present_in_current_vnstock_listing,unknown,unverified,2026-08-09
AMS,True,True,True,CTCP Cơ khí Xây dựng AMECC,present_in_current_vnstock_listing,unknown,unverified,2026-08-09
AMV,True,True,True,CTCP Sản xuất Kinh doanh Dược và Trang thiết bị Y tế Việt Mỹ,present_in_current_vnstock_listing,unknown,unverified,2026-08-09
ANI,True,False,True,CTCP ANI,present_in_current_vnstock_listing,unknown,unverified,2026-08-09
ANT,True,True,True,CTCP Rau quả Thực phẩm An Giang,present_in_current_vnstock_listing,unknown,unverified,2026-08-09
ANV,True,True,True,CTCP Nam Việt,present_in_current_vnstock_listing,unknown,unverified,2026-08-09
APC,True,True,True,CTCP Chiếu xạ An Phú,present_in_current_vnstock_listing,unknown,unverified,2026-08-09
APF,True,True,True,CTCP Nông sản Thực phẩm Quảng Ngãi,present_in_current_vnstock_listing,unknown,unverified,2026-08-09
APG,True,True,True,CTCP Chứng khoán APG,present_in_current_vnstock_listing,unknown,unverified,2026-08-09
APH,True,True,True,CTCP Tập đoàn An Phát Holdings,present_in_current_vnstock_listing,unknown,unverified,2026-08-09
API,True,True,True,CTCP Đầu tư Châu Á - Thái Bình Dương,present_in_current_vnstock_listing,unknown,unverified,2026-08-09
APL,True,True,True,CTCP Cơ khí và Thiết bị áp lực - VVMI,present_in_current_vnstock_listing,unknown,unverified,2026-08-09
APP,True,True,True,CTCP Phát triển Phụ gia và Sản phẩm Dầu Mỏ,present_in_current_vnstock_listing,unknown,unverified,2026-08-09
APS,True,True,True,CTCP Chứng khoán Châu Á Thái Bình Dương,present_in_current_vnstock_listing,unknown,unverified,2026-08-09
APT,True,True,True,CTCP Kinh doanh Thủy Hải Sản Sài Gòn,present_in_current_vnstock_listing,unknown,unverified,2026-08-09
ARM,True,True,True,CTCP Xuất nhập khẩu Hàng không,present_in_current_vnstock_listing,unknown,unverified,2026-08-09
ART,True,True,True,CTCP Chứng khoán ARTEX,present_in_current_vnstock_listing,unknown,unverified,2026-08-09
ASG,True,True,True,CTCP Tập đoàn ASG,present_in_current_vnstock_listing,unknown,unverified,2026-08-09
ASM,True,True,True,CTCP Tập đoàn Sao Mai,present_in_current_vnstock_listing,unknown,unverified,2026-08-09
ASP,True,True,True,CTCP Tập đoàn Dầu khí An Pha,present_in_current_vnstock_listing,unknown,unverified,2026-08-09
AST,True,True,True,CTCP Dịch vụ Hàng không Taseco,present_in_current_vnstock_listing,unknown,unverified,2026-08-09
ATA,True,True,True,CTCP Ntaco,present_in_current_vnstock_listing,unknown,unverified,2026-08-09
ATG,True,True,True,CTCP ATG Planet,present_in_current_vnstock_listing,unknown,unverified,2026-08-09
ATS,True,True,True,CTCP Tập đoàn Đầu tư ATS,present_in_current_vnstock_listing,unknown,unverified,2026-08-09
AVC,True,True,True,CTCP Thủy điện A Vương,present_in_current_vnstock_listing,unknown,unverified,2026-08-09
AVG,True,True,True,CTCP Phân bón Quốc tế Âu Việt,present_in_current_vnstock_listing,unknown,unverified,2026-08-09
BAB,True,True,True,Ngân hàng TMCP Bắc Á,present_in_current_vnstock_listing,unknown,unverified,2026-08-09
BAF,True,True,True,CTCP Nông nghiệp BAF Việt Nam,present_in_current_vnstock_listing,unknown,unverified,2026-08-09
BAL,True,True,True,CTCP Bao bì Bia - Rượu - Nước giải khát,present_in_current_vnstock_listing,unknown,unverified,2026-08-09
BAX,True,True,True,CTCP Thống Nhất,present_in_current_vnstock_listing,unknown,unverified,2026-08-09
BBH,True,True,True,CTCP Bao bì Hoàng Thạch,present_in_current_vnstock_listing,unknown,unverified,2026-08-09
BBM,True,True,True,CTCP Bia Hà Nội - Nam Định,present_in_current_vnstock_listing,unknown,unverified,2026-08-09
BBS,True,True,True,CTCP VICEM Bao bì Bút Sơn,present_in_current_vnstock_listing,unknown,unverified,2026-08-09
BBT,True,True,True,CTCP Bông Bạch Tuyết,present_in_current_vnstock_listing,unknown,unverified,2026-08-09
BCA,True,True,True,CTCP B.C.H,present_in_current_vnstock_listing,unknown,unverified,2026-08-09
BCB,True,True,True,CTCP 397,present_in_current_vnstock_listing,unknown,unverified,2026-08-09
BCC,True,True,True,CTCP Xi măng Bỉm Sơn,present_in_current_vnstock_listing,unknown,unverified,2026-08-09
BCE,True,True,True,CTCP Xây dựng và Giao thông Bình Dương,present_in_current_vnstock_listing,unknown,unverified,2026-08-09
BCF,True,True,True,CTCP Thực phẩm Bích Chi,present_in_current_vnstock_listing,unknown,unverified,2026-08-09
BCG,True,True,True,CTCP Tập đoàn Bamboo Capital,present_in_current_vnstock_listing,unknown,unverified,2026-08-09
BCM,True,True,True,Tập đoàn Đầu tư và Phát triển Công nghiệp Becamex - CTCP,present_in_current_vnstock_listing,unknown,unverified,2026-08-09
BCP,True,True,True,CTCP Dược ENLIE,present_in_current_vnstock_listing,unknown,unverified,2026-08-09
BCR,True,True,True,CTCP BCG Land,present_in_current_vnstock_listing,unknown,unverified,2026-08-09
BCV,True,True,True,CTCP Du lịch và Thương mại Bằng Giang Cao Bằng - Vimico,present_in_current_vnstock_listing,unknown,unverified,2026-08-09
BDG,True,True,True,CTCP May mặc Bình Dương,present_in_current_vnstock_listing,unknown,unverified,2026-08-09
BDT,True,True,True,CTCP Xây lắp và Vật liệu Xây dựng Đồng Tháp,present_in_current_vnstock_listing,unknown,unverified,2026-08-09
BDW,True,True,True,CTCP Cấp thoát nước Bình Định,present_in_current_vnstock_listing,unknown,unverified,2026-08-09
BED,True,True,True,CTCP Sách và Thiết bị Trường học Đà Nẵng,present_in_current_vnstock_listing,unknown,unverified,2026-08-09
BEL,True,True,True,CTCP Điện tử Biên Hòa,present_in_current_vnstock_listing,unknown,unverified,2026-08-09
BFC,True,True,True,CTCP Phân bón Bình Điền,present_in_current_vnstock_listing,unknown,unverified,2026-08-09
BGE,True,True,True,CTCP BCG Energy,present_in_current_vnstock_listing,unknown,unverified,2026-08-09
BGW,True,True,True,CTCP Nước sạch Bắc Giang,present_in_current_vnstock_listing,unknown,unverified,2026-08-09
BHA,True,True,True,CTCP Thủy điện Bắc Hà,present_in_current_vnstock_listing,unknown,unverified,2026-08-09
BHC,True,True,True,CTCP Bê tông Biên Hòa,present_in_current_vnstock_listing,unknown,unverified,2026-08-09
BHG,True,True,True,CTCP Chè Biển Hồ,present_in_current_vnstock_listing,unknown,unverified,2026-08-09
BHH,True,True,True,CTCP Bia Hà Nội - Hưng Yên 89,present_in_current_vnstock_listing,unknown,unverified,2026-08-09
BHI,True,True,True,Tổng Công ty cổ phần Bảo hiểm Sài Gòn - Hà Nội,present_in_current_vnstock_listing,unknown,unverified,2026-08-09
BHK,True,True,True,CTCP Bia Hà Nội - Kim Bài,present_in_current_vnstock_listing,unknown,unverified,2026-08-09
BHN,True,True,True,Tổng Công ty cổ phần Bia - Rượu - Nước giải khát Hà Nội,present_in_current_vnstock_listing,unknown,unverified,2026-08-09
BHP,True,True,True,CTCP Bia Hà Nội - Hải Phòng,present_in_current_vnstock_listing,unknown,unverified,2026-08-09
BIC,True,True,True,Tổng Công ty cổ phần Bảo hiểm Ngân hàng Đầu tư và Phát triển Việt Nam,present_in_current_vnstock_listing,unknown,unverified,2026-08-09
BID,True,True,True,Ngân hàng TMCP Đầu tư và Phát triển Việt Nam,present_in_current_vnstock_listing,unknown,unverified,2026-08-09
BIG,True,True,True,CTCP Tập đoàn Đầu tư Big,present_in_current_vnstock_listing,unknown,unverified,2026-08-09
BIO,True,True,True,CTCP Vắc xin và Sinh phẩm Nha Trang,present_in_current_vnstock_listing,unknown,unverified,2026-08-09
BKC,True,True,True,CTCP Khoáng sản Bắc Kạn,present_in_current_vnstock_listing,unknown,unverified,2026-08-09
BKG,True,True,True,CTCP Đầu tư BKG Việt Nam,present_in_current_vnstock_listing,unknown,unverified,2026-08-09
BLF,True,True,True,CTCP Thủy sản Bạc Liêu,present_in_current_vnstock_listing,unknown,unverified,2026-08-09
BLI,True,True,True,Tổng Công ty cổ phần Bảo hiểm Bảo Long,present_in_current_vnstock_listing,unknown,unverified,2026-08-09
BLN,True,True,True,CTCP Vận tải và Dịch vụ Liên Ninh,present_in_current_vnstock_listing,unknown,unverified,2026-08-09
BLT,True,True,True,CTCP Lương thực Bình Định,present_in_current_vnstock_listing,unknown,unverified,2026-08-09
BMC,True,True,True,CTCP Khoáng sản Bình Định,present_in_current_vnstock_listing,unknown,unverified,2026-08-09
BMD,True,True,True,CTCP Môi trường và Dịch vụ Đô thị Bình Thuận,present_in_current_vnstock_listing,unknown,unverified,2026-08-09
BMF,True,True,True,CTCP Vật liệu Xây dựng và Chất đốt Đồng Nai,present_in_current_vnstock_listing,unknown,unverified,2026-08-09
BMG,True,True,True,CTCP May Bình Minh,present_in_current_vnstock_listing,unknown,unverified,2026-08-09
BMI,True,True,True,Tổng Công ty cổ phần Bảo Minh,present_in_current_vnstock_listing,unknown,unverified,2026-08-09
BMJ,True,True,True,CTCP Khoáng sản Miền Đông AHP,present_in_current_vnstock_listing,unknown,unverified,2026-08-09
BMK,True,True,True,CTCP Kỹ thuật nhiệt Mèo Đen,present_in_current_vnstock_listing,unknown,unverified,2026-08-09
BMP,True,True,True,CTCP Nhựa Bình Minh,present_in_current_vnstock_listing,unknown,unverified,2026-08-09
BMS,True,True,True,CTCP Chứng khoán Bảo Minh,present_in_current_vnstock_listing,unknown,unverified,2026-08-09
BMV,True,True,True,CTCP Bột mỳ Vinafood 1,present_in_current_vnstock_listing,unknown,unverified,2026-08-09
BNA,True,True,True,CTCP Tập đoàn Đầu tư Bảo Ngọc,present_in_current_vnstock_listing,unknown,unverified,2026-08-09
BNW,True,True,True,CTCP Nước sạch Bắc Ninh,present_in_current_vnstock_listing,unknown,unverified,2026-08-09
BOT,True,True,True,CTCP BOT Cầu Thái Hà,present_in_current_vnstock_listing,unknown,unverified,2026-08-09
BPC,True,True,True,CTCP VICEM Bao bì Bỉm Sơn,present_in_current_vnstock_listing,unknown,unverified,2026-08-09
BQB,True,True,True,CTCP Bia Hà Nội - Quảng Bình,present_in_current_vnstock_listing,unknown,unverified,2026-08-09
BQP,True,True,True,CTCP Nhựa Chất lượng cao Bình Thuận,present_in_current_vnstock_listing,unknown,unverified,2026-08-09
BRC,True,True,True,CTCP Cao su Bến Thành,present_in_current_vnstock_listing,unknown,unverified,2026-08-09
BRR,True,True,True,CTCP Cao su Bà Rịa,present_in_current_vnstock_listing,unknown,unverified,2026-08-09
BRS,True,True,True,CTCP Dịch vụ Đô thị Bà Rịa,present_in_current_vnstock_listing,unknown,unverified,2026-08-09
BSA,True,True,True,CTCP Thủy điện Buôn Đôn,present_in_current_vnstock_listing,unknown,unverified,2026-08-09
BSD,True,True,True,"CTCP Bia, Rượu Sài Gòn - Đồng Xuân",present_in_current_vnstock_listing,unknown,unverified,2026-08-09
BSG,True,True,True,CTCP Xe khách Sài Gòn,present_in_current_vnstock_listing,unknown,unverified,2026-08-09
BSH,True,True,True,CTCP Bia Sài Gòn - Hà Nội,present_in_current_vnstock_listing,unknown,unverified,2026-08-09
BSI,True,True,True,CTCP Chứng khoán BIDV,present_in_current_vnstock_listing,unknown,unverified,2026-08-09
BSL,True,True,True,CTCP Bia Sài Gòn - Sông Lam,present_in_current_vnstock_listing,unknown,unverified,2026-08-09
BSP,True,True,True,CTCP Bia Sài Gòn - Phú Thọ,present_in_current_vnstock_listing,unknown,unverified,2026-08-09
BSQ,True,True,True,CTCP Bia Sài Gòn - Quảng Ngãi,present_in_current_vnstock_listing,unknown,unverified,2026-08-09
BSR,True,True,True,CTCP - Tổng Công ty Lọc hóa dầu Việt Nam,present_in_current_vnstock_listing,unknown,unverified,2026-08-09
BT1,True,True,True,CTCP Bảo vệ Thực vật 1 Trung Ương,present_in_current_vnstock_listing,unknown,unverified,2026-08-09
BT6,True,True,True,CTCP Beton 6,present_in_current_vnstock_listing,unknown,unverified,2026-08-09
BTB,True,True,True,CTCP Bia Hà Nội - Thái Bình,present_in_current_vnstock_listing,unknown,unverified,2026-08-09
BTD,True,True,True,CTCP Bê tông Ly tâm Thủ Đức,present_in_current_vnstock_listing,unknown,unverified,2026-08-09
BTG,True,True,True,CTCP Bao bì Tiền Giang,present_in_current_vnstock_listing,unknown,unverified,2026-08-09
BTH,True,True,True,CTCP Chế tạo Biến thế và Vật liệu Điện Hà Nội,present_in_current_vnstock_listing,unknown,unverified,2026-08-09
BTN,True,True,True,CTCP Đầu tư Bitco Bình Định,present_in_current_vnstock_listing,unknown,unverified,2026-08-09
BTP,True,True,True,CTCP Nhiệt điện Bà Rịa,present_in_current_vnstock_listing,unknown,unverified,2026-08-09
BTS,True,True,True,CTCP Xi măng VICEM Bút Sơn,present_in_current_vnstock_listing,unknown,unverified,2026-08-09
BTT,True,True,True,CTCP Thương mại Dịch vụ Bến Thành,present_in_current_vnstock_listing,unknown,unverified,2026-08-09
BTU,True,True,True,CTCP Công trình Đô thị Bến Tre,present_in_current_vnstock_listing,unknown,unverified,2026-08-09
BTV,True,True,True,CTCP Dịch vụ Du lịch Bến Thành,present_in_current_vnstock_listing,unknown,unverified,2026-08-09
BTW,True,True,True,CTCP Cấp nước Bến Thành,present_in_current_vnstock_listing,unknown,unverified,2026-08-09
BVB,True,True,True,Ngân hàng TMCP Bản Việt,present_in_current_vnstock_listing,unknown,unverified,2026-08-09
BVG,True,True,True,CTCP Group Bắc Việt,present_in_current_vnstock_listing,unknown,unverified,2026-08-09
BVH,True,True,True,Tập đoàn Bảo Việt,present_in_current_vnstock_listing,unknown,unverified,2026-08-09
BVL,True,True,True,CTCP BV Land,present_in_current_vnstock_listing,unknown,unverified,2026-08-09
BVN,True,True,True,CTCP Bông Việt Nam,present_in_current_vnstock_listing,unknown,unverified,2026-08-09
BVS,True,True,True,CTCP Chứng khoán Bảo Việt,present_in_current_vnstock_listing,unknown,unverified,2026-08-09
BWA,True,True,True,CTCP Cấp thoát nước và Xây dựng Bảo Lộc,present_in_current_vnstock_listing,unknown,unverified,2026-08-09
BWE,True,True,True,CTCP - Tổng công ty nước - môi trường Bình Dương,present_in_current_vnstock_listing,unknown,unverified,2026-08-09
BWS,True,True,True,CTCP Cấp nước Bà Rịa - Vũng Tàu,present_in_current_vnstock_listing,unknown,unverified,2026-08-09
BXH,True,True,True,CTCP VICEM Bao bì Hải Phòng,present_in_current_vnstock_listing,unknown,unverified,2026-08-09
C21,True,True,True,CTCP Thế Kỷ 21 ,present_in_current_vnstock_listing,unknown,unverified,2026-08-09
C22,True,True,True,CTCP 22,present_in_current_vnstock_listing,unknown,unverified,2026-08-09
C32,True,True,True,CTCP Đầu tư và Xây dựng 3-2,present_in_current_vnstock_listing,unknown,unverified,2026-08-09
C47,True,True,True,CTCP Xây dựng 47,present_in_current_vnstock_listing,unknown,unverified,2026-08-09
C4G,True,True,True,CTCP Tập đoàn CIENCO4,present_in_current_vnstock_listing,unknown,unverified,2026-08-09
C69,True,True,True,CTCP Xây dựng 1369,present_in_current_vnstock_listing,unknown,unverified,2026-08-09
C92,True,True,True,CTCP Xây dựng và Đầu tư 492,present_in_current_vnstock_listing,unknown,unverified,2026-08-09
CAD,True,True,True,CTCP Chế biến và Xuất nhập khẩu Thủy sản Cadovimex,present_in_current_vnstock_listing,unknown,unverified,2026-08-09
CAG,True,True,True,CTCP Cảng An Giang,present_in_current_vnstock_listing,unknown,unverified,2026-08-09
CAN,True,True,True,CTCP Đồ hộp Hạ Long,present_in_current_vnstock_listing,unknown,unverified,2026-08-09
CAP,True,True,True,CTCP Lâm Nông sản Thực phẩm Yên Bái,present_in_current_vnstock_listing,unknown,unverified,2026-08-09
CAR,True,True,True,CTCP Tập đoàn Giáo dục Trí Việt,present_in_current_vnstock_listing,unknown,unverified,2026-08-09
CAT,True,True,True,CTCP Thủy sản Cà Mau,present_in_current_vnstock_listing,unknown,unverified,2026-08-09
CBI,True,True,True,CTCP Gang thép Cao Bằng,present_in_current_vnstock_listing,unknown,unverified,2026-08-09
CBS,True,True,True,CTCP Mía Đường Cao Bằng,present_in_current_vnstock_listing,unknown,unverified,2026-08-09
CC1,True,True,True,Tổng Công ty Xây dựng Số 1 - CTCP,present_in_current_vnstock_listing,unknown,unverified,2026-08-09
CCA,True,True,True,CTCP Xuất nhập khẩu Thuỷ sản Cần Thơ,present_in_current_vnstock_listing,unknown,unverified,2026-08-09
CCC,True,True,True,CTCP Xây dựng CDC,present_in_current_vnstock_listing,unknown,unverified,2026-08-09
CCI,True,True,True,CTCP Đầu tư Phát triển Công nghiệp Thương mại Củ Chi,present_in_current_vnstock_listing,unknown,unverified,2026-08-09
CCL,True,True,True,CTCP Đầu tư và Phát triển Đô thị Dầu khí Cửu Long,present_in_current_vnstock_listing,unknown,unverified,2026-08-09
CCM,True,True,True,CTCP khoáng sản và Xi măng Cần Thơ,present_in_current_vnstock_listing,unknown,unverified,2026-08-09
CCP,True,True,True,CTCP Cảng Cửa Cấm Hải Phòng,present_in_current_vnstock_listing,unknown,unverified,2026-08-09
CCR,True,True,True,CTCP Cảng Cam Ranh,present_in_current_vnstock_listing,unknown,unverified,2026-08-09
CCS,True,True,True,CTCP Chíp Sáng,present_in_current_vnstock_listing,unknown,unverified,2026-08-09
CCT,True,True,True,CTCP Cảng Cần Thơ,present_in_current_vnstock_listing,unknown,unverified,2026-08-09
CCV,True,True,True,CTCP Tư vấn Xây dựng Công nghiệp và Đô thị Việt Nam,present_in_current_vnstock_listing,unknown,unverified,2026-08-09
CDC,True,True,True,CTCP Chương Dương,present_in_current_vnstock_listing,unknown,unverified,2026-08-09
CDG,True,True,True,CTCP Cầu Đuống,present_in_current_vnstock_listing,unknown,unverified,2026-08-09
CDN,True,True,True,CTCP Cảng Đà Nẵng,present_in_current_vnstock_listing,unknown,unverified,2026-08-09
CDO,True,True,True,CTCP Tư vấn Thiết kế và Phát triển Đô thị,present_in_current_vnstock_listing,unknown,unverified,2026-08-09
CDP,True,True,True,CTCP Dược phẩm Trung ương Codupha,present_in_current_vnstock_listing,unknown,unverified,2026-08-09
CDR,True,True,True,CTCP Xây dựng Cao su Đồng Nai,present_in_current_vnstock_listing,unknown,unverified,2026-08-09
CEN,True,True,True,CTCP CENCON Việt Nam,present_in_current_vnstock_listing,unknown,unverified,2026-08-09
CEO,True,True,True,CTCP Tập đoàn C.E.O,present_in_current_vnstock_listing,unknown,unverified,2026-08-09
CET,True,True,True,CTCP HTC Holding,present_in_current_vnstock_listing,unknown,unverified,2026-08-09
CFM,True,True,True,CTCP CFM Private Equity,present_in_current_vnstock_listing,unknown,unverified,2026-08-09
CFV,True,True,True,CTCP Cà phê Thắng Lợi,present_in_current_vnstock_listing,unknown,unverified,2026-08-09
CGV,True,True,True,CTCP Vinaceglass,present_in_current_vnstock_listing,unknown,unverified,2026-08-09
CH5,True,True,True,CTCP Xây dựng Số 5 Hà Nội,present_in_current_vnstock_listing,unknown,unverified,2026-08-09
CHC,True,True,True,CTCP Cẩm Hà,present_in_current_vnstock_listing,unknown,unverified,2026-08-09
CHP,True,True,True,CTCP Thủy điện Miền Trung,present_in_current_vnstock_listing,unknown,unverified,2026-08-09
CHS,True,True,True,CTCP Chiếu sáng Công cộng Thành phố Hồ Chí Minh,present_in_current_vnstock_listing,unknown,unverified,2026-08-09
CI5,True,True,True,CTCP Đầu Tư Xây dựng Số 5,present_in_current_vnstock_listing,unknown,unverified,2026-08-09
CIA,True,True,True,CTCP Dịch vụ Sân bay Quốc tế Cam Ranh,present_in_current_vnstock_listing,unknown,unverified,2026-08-09
CID,True,True,True,CTCP Xây dựng và Phát triển Cơ sở Hạ tầng,present_in_current_vnstock_listing,unknown,unverified,2026-08-09
CIG,True,True,True,CTCP COMA 18,present_in_current_vnstock_listing,unknown,unverified,2026-08-09
CII,True,True,True,CTCP Đầu tư Hạ tầng Kỹ thuật Thành phố Hồ Chí Minh,present_in_current_vnstock_listing,unknown,unverified,2026-08-09
CIP,True,True,True,CTCP Xây lắp và Sản xuất Công nghiệp,present_in_current_vnstock_listing,unknown,unverified,2026-08-09
CJC,True,True,True,CTCP Cơ điện Miền Trung,present_in_current_vnstock_listing,unknown,unverified,2026-08-09
CK8,True,True,True,CTCP Cơ khí 120,present_in_current_vnstock_listing,unknown,unverified,2026-08-09
CKA,True,True,True,CTCP Cơ Khí An Giang,present_in_current_vnstock_listing,unknown,unverified,2026-08-09
CKD,True,True,True,CTCP Cơ khí Đông Anh LICOGI,present_in_current_vnstock_listing,unknown,unverified,2026-08-09
CKG,True,True,True,CTCP Tập đoàn CIC,present_in_current_vnstock_listing,unknown,unverified,2026-08-09
CKV,True,True,True,CTCP COKYVINA,present_in_current_vnstock_listing,unknown,unverified,2026-08-09
CLC,True,True,True,CTCP Cát Lợi,present_in_current_vnstock_listing,unknown,unverified,2026-08-09
CLH,True,True,True,CTCP Xi măng La Hiên VVMI,present_in_current_vnstock_listing,unknown,unverified,2026-08-09
CLI,True,True,True,CTCP Tập đoàn CNCTech,present_in_current_vnstock_listing,unknown,unverified,2026-08-09
CLL,True,True,True,CTCP Cảng Cát Lái,present_in_current_vnstock_listing,unknown,unverified,2026-08-09
CLM,True,True,True,CTCP Xuất nhập khẩu Than - Vinacomin,present_in_current_vnstock_listing,unknown,unverified,2026-08-09
CLW,True,True,True,CTCP Cấp nước Chợ Lớn,present_in_current_vnstock_listing,unknown,unverified,2026-08-09
CLX,True,True,True,CTCP Xuất nhập khẩu và Đầu tư Chợ Lớn (CHOLIMEX),present_in_current_vnstock_listing,unknown,unverified,2026-08-09
CMC,True,True,True,CTCP Đầu tư CMC,present_in_current_vnstock_listing,unknown,unverified,2026-08-09
CMD,True,True,True,CTCP Vật liệu Xây dựng và Trang trí nội thất Thành phố Hồ Chí Minh,present_in_current_vnstock_listing,unknown,unverified,2026-08-09
CMF,True,True,True,CTCP Thực phẩm Cholimex,present_in_current_vnstock_listing,unknown,unverified,2026-08-09
CMG,True,True,True,CTCP Tập đoàn Công nghệ CMC,present_in_current_vnstock_listing,unknown,unverified,2026-08-09
CMI,True,True,True,CTCP CMISTONE Việt Nam,present_in_current_vnstock_listing,unknown,unverified,2026-08-09
CMK,True,True,True,CTCP Cơ khí Mạo Khê - Vinacomin,present_in_current_vnstock_listing,unknown,unverified,2026-08-09
CMM,True,True,True,CTCP Camimex,present_in_current_vnstock_listing,unknown,unverified,2026-08-09
CMN,True,True,True,CTCP Lương thực Thực phẩm Colusa - Miliket,present_in_current_vnstock_listing,unknown,unverified,2026-08-09
CMP,True,True,True,CTCP Cảng Chân Mây,present_in_current_vnstock_listing,unknown,unverified,2026-08-09
CMS,True,True,True,CTCP Tập Đoàn CMH Việt Nam,present_in_current_vnstock_listing,unknown,unverified,2026-08-09
CMT,True,True,True,CTCP Công nghệ Mạng và Truyền thông,present_in_current_vnstock_listing,unknown,unverified,2026-08-09
CMV,True,True,True,CTCP Thương nghiệp Cà Mau,present_in_current_vnstock_listing,unknown,unverified,2026-08-09
CMW,True,True,True,CTCP Cấp nước Cà Mau,present_in_current_vnstock_listing,unknown,unverified,2026-08-09
CMX,True,True,True,CTCP Camimex Group,present_in_current_vnstock_listing,unknown,unverified,2026-08-09
CNA,True,True,True,CTCP Tổng Công ty Chè Nghệ An,present_in_current_vnstock_listing,unknown,unverified,2026-08-09
CNC,True,True,True,CTCP Công nghệ Cao Traphaco,present_in_current_vnstock_listing,unknown,unverified,2026-08-09
CNG,True,True,True,CTCP CNG Việt Nam,present_in_current_vnstock_listing,unknown,unverified,2026-08-09
CNN,True,True,True,"CTCP Tư vấn Công nghệ, Thiết bị và Kiểm Định Xây dựng - Coninco",present_in_current_vnstock_listing,unknown,unverified,2026-08-09
CNT,True,True,True,CTCP Tập đoàn CNT,present_in_current_vnstock_listing,unknown,unverified,2026-08-09
COM,True,True,True,CTCP Vật tư - Xăng Dầu,present_in_current_vnstock_listing,unknown,unverified,2026-08-09
CPA,True,True,True,CTCP Cà phê Phước An,present_in_current_vnstock_listing,unknown,unverified,2026-08-09
CPC,True,True,True,CTCP Thuốc sát trùng Cần Thơ,present_in_current_vnstock_listing,unknown,unverified,2026-08-09
CPH,True,True,True,CTCP Phục vụ Mai táng Hải Phòng,present_in_current_vnstock_listing,unknown,unverified,2026-08-09
CPI,True,True,True,CTCP Đầu tư Cảng Cái Lân,present_in_current_vnstock_listing,unknown,unverified,2026-08-09
CQN,True,True,True,CTCP Cảng Quảng Ninh,present_in_current_vnstock_listing,unknown,unverified,2026-08-09
CQT,True,True,True,CTCP Xi măng Quán Triều VVMI,present_in_current_vnstock_listing,unknown,unverified,2026-08-09
CRC,True,True,True,CTCP Create Capital Việt Nam,present_in_current_vnstock_listing,unknown,unverified,2026-08-09
CRE,True,True,True,CTCP Bất động sản Thế Kỷ,present_in_current_vnstock_listing,unknown,unverified,2026-08-09
CRV,True,True,True,CTCP Tập đoàn Bất động sản CRV,present_in_current_vnstock_listing,unknown,unverified,2026-08-09
CSC,True,True,True,CTCP Tập đoàn Cotana,present_in_current_vnstock_listing,unknown,unverified,2026-08-09
CSI,True,True,True,CTCP Chứng khoán Kirin,present_in_current_vnstock_listing,unknown,unverified,2026-08-09
CSM,True,True,True,CTCP Công nghiệp Cao su Miền Nam,present_in_current_vnstock_listing,unknown,unverified,2026-08-09
CST,True,True,True,CTCP Than Cao Sơn - TKV,present_in_current_vnstock_listing,unknown,unverified,2026-08-09
CSV,True,True,True,CTCP Hóa chất Cơ bản Miền Nam,present_in_current_vnstock_listing,unknown,unverified,2026-08-09
CT3,True,True,True,CTCP Đầu tư và Xây dựng Công trình 3,present_in_current_vnstock_listing,unknown,unverified,2026-08-09
CT6,True,True,True,CTCP Công trình 6,present_in_current_vnstock_listing,unknown,unverified,2026-08-09
CTB,True,True,True,CTCP Chế tạo Bơm Hải Dương,present_in_current_vnstock_listing,unknown,unverified,2026-08-09
CTD,True,True,True,CTCP Xây dựng Coteccons,present_in_current_vnstock_listing,unknown,unverified,2026-08-09
CTF,True,True,True,CTCP City Auto,present_in_current_vnstock_listing,unknown,unverified,2026-08-09
CTG,True,True,True,Ngân hàng TMCP Công Thương Việt Nam,present_in_current_vnstock_listing,unknown,unverified,2026-08-09
CTI,True,True,True,CTCP Đầu tư Phát triển Cường Thuận IDICO,present_in_current_vnstock_listing,unknown,unverified,2026-08-09
CTP,True,True,True,CTCP Tập đoàn CTP Group,present_in_current_vnstock_listing,unknown,unverified,2026-08-09
CTR,True,True,True,Tổng Công ty cổ phần Công trình Viettel,present_in_current_vnstock_listing,unknown,unverified,2026-08-09
CTS,True,True,True,CTCP Chứng khoán VietinBank,present_in_current_vnstock_listing,unknown,unverified,2026-08-09
CTT,True,True,True,CTCP Chế tạo Máy - Vinacomin,present_in_current_vnstock_listing,unknown,unverified,2026-08-09
CTW,True,True,True,CTCP Cấp thoát nước Cần Thơ,present_in_current_vnstock_listing,unknown,unverified,2026-08-09
CTX,True,True,True,Tổng Công ty cổ phần Đầu tư Xây dựng và Thương mại Việt Nam,present_in_current_vnstock_listing,unknown,unverified,2026-08-09
CVN,True,True,True,CTCP Vinam,present_in_current_vnstock_listing,unknown,unverified,2026-08-09
CVT,True,True,True,CTCP CMC,present_in_current_vnstock_listing,unknown,unverified,2026-08-09
CX8,True,True,True,CTCP Đầu tư và Xây lắp Constrexim Số 8,present_in_current_vnstock_listing,unknown,unverified,2026-08-09
CYC,True,True,False,,absent_from_current_listing_unverified,unknown,unverified,2026-08-09
D11,True,True,True,CTCP Địa ốc 11,present_in_current_vnstock_listing,unknown,unverified,2026-08-09
D2D,True,True,True,CTCP Phát triển Đô thị Công nghiệp số 2,present_in_current_vnstock_listing,unknown,unverified,2026-08-09
DAC,True,True,True,CTCP 382 Đông Anh,present_in_current_vnstock_listing,unknown,unverified,2026-08-09
DAD,True,True,True,CTCP Đầu tư và Phát triển Giáo dục Đà Nẵng,present_in_current_vnstock_listing,unknown,unverified,2026-08-09
DAE,True,True,True,CTCP Sách Giáo dục tại Thành phố Đà Nẵng,present_in_current_vnstock_listing,unknown,unverified,2026-08-09
DAG,True,True,True,CTCP Tập đoàn Nhựa Đông Á,present_in_current_vnstock_listing,unknown,unverified,2026-08-09
DAH,True,True,True,CTCP Tập đoàn Khách sạn Đông Á,present_in_current_vnstock_listing,unknown,unverified,2026-08-09
DAN,True,True,True,CTCP Dược Danapha,present_in_current_vnstock_listing,unknown,unverified,2026-08-09
DAS,True,True,True,CTCP Máy - Thiết bị Dầu khí Đà Nẵng,present_in_current_vnstock_listing,unknown,unverified,2026-08-09
DAT,True,True,True,CTCP Đầu tư du lịch và Phát triển Thủy sản,present_in_current_vnstock_listing,unknown,unverified,2026-08-09
DBC,True,True,True,CTCP Tập đoàn Dabaco Việt Nam,present_in_current_vnstock_listing,unknown,unverified,2026-08-09
DBD,True,True,True,CTCP Dược - Trang thiết bị Y tế Bình Định (Bidiphar),present_in_current_vnstock_listing,unknown,unverified,2026-08-09
DBM,True,True,True,CTCP Dược - Vật tư Y Tế Đăk Lăk,present_in_current_vnstock_listing,unknown,unverified,2026-08-09
DBT,True,True,True,CTCP Dược phẩm Bến Tre,present_in_current_vnstock_listing,unknown,unverified,2026-08-09
DC1,True,True,True,CTCP Đầu tư Phát triển Xây dựng Số 1,present_in_current_vnstock_listing,unknown,unverified,2026-08-09
DC2,True,True,True,CTCP Đầu tư Phát triển - Xây dựng (DIC) số 2,present_in_current_vnstock_listing,unknown,unverified,2026-08-09
DC4,True,True,True,CTCP DICERA Holdings,present_in_current_vnstock_listing,unknown,unverified,2026-08-09
DCF,True,True,True,CTCP Xây dựng và Thiết kế Số 1,present_in_current_vnstock_listing,unknown,unverified,2026-08-09
DCG,True,True,True,CTCP Tổng Công ty May Đáp Cầu,present_in_current_vnstock_listing,unknown,unverified,2026-08-09
DCH,True,True,True,CTCP Địa chính Hà Nội,present_in_current_vnstock_listing,unknown,unverified,2026-08-09
DCL,True,True,True,CTCP Dược phẩm Cửu Long,present_in_current_vnstock_listing,unknown,unverified,2026-08-09
DCM,True,True,True,CTCP - Tổng công ty Phân bón Dầu khí Cà Mau,present_in_current_vnstock_listing,unknown,unverified,2026-08-09
DCR,True,True,True,CTCP Gạch men Cosevco,present_in_current_vnstock_listing,unknown,unverified,2026-08-09
DCS,True,True,True,CTCP Tập đoàn EDX,present_in_current_vnstock_listing,unknown,unverified,2026-08-09
DCT,True,True,True,CTCP Tấm lợp Vật liệu Xây dựng Đồng Nai,present_in_current_vnstock_listing,unknown,unverified,2026-08-09
DCV,True,True,True,CTCP Quản lý Quỹ Đầu tư Dragon Capital Việt Nam,present_in_current_vnstock_listing,unknown,unverified,2026-08-09
DDB,True,True,True,CTCP Thương mại và Xây dựng Đông Dương,present_in_current_vnstock_listing,unknown,unverified,2026-08-09
DDH,True,True,True,CTCP Đảm bảo Giao thông Đường thủy Hải Phòng,present_in_current_vnstock_listing,unknown,unverified,2026-08-09
DDM,True,True,True,CTCP Hàng Hải Đông Đô,present_in_current_vnstock_listing,unknown,unverified,2026-08-09
DDN,True,True,True,CTCP Dược và Thiết bị Y tế Đà Nẵng,present_in_current_vnstock_listing,unknown,unverified,2026-08-09
DDV,True,True,True,CTCP DAP - VINACHEM,present_in_current_vnstock_listing,unknown,unverified,2026-08-09
DFC,True,True,True,CTCP Xích líp Đông Anh,present_in_current_vnstock_listing,unknown,unverified,2026-08-09
DFF,True,True,True,CTCP Tập đoàn Đua Fat,present_in_current_vnstock_listing,unknown,unverified,2026-08-09
DGC,True,True,True,CTCP Tập đoàn Hóa chất Đức Giang,present_in_current_vnstock_listing,unknown,unverified,2026-08-09
DGT,True,True,True,CTCP Công trình Giao thông Đồng Nai,present_in_current_vnstock_listing,unknown,unverified,2026-08-09
DGW,True,True,True,CTCP Thế Giới Số,present_in_current_vnstock_listing,unknown,unverified,2026-08-09
DHA,True,True,True,CTCP Hóa An,present_in_current_vnstock_listing,unknown,unverified,2026-08-09
DHB,True,True,True,CTCP Phân đạm và Hóa chất Hà Bắc,present_in_current_vnstock_listing,unknown,unverified,2026-08-09
DHC,True,True,True,CTCP Đông Hải Bến Tre,present_in_current_vnstock_listing,unknown,unverified,2026-08-09
DHD,True,True,True,CTCP Dược Vật tư Y tế Hải Dương,present_in_current_vnstock_listing,unknown,unverified,2026-08-09
DHG,True,True,True,CTCP Dược Hậu Giang,present_in_current_vnstock_listing,unknown,unverified,2026-08-09
DHM,True,True,True,CTCP Đầu tư và Thương mại DHM,present_in_current_vnstock_listing,unknown,unverified,2026-08-09
DHN,True,True,True,CTCP Dược phẩm Hà Nội,present_in_current_vnstock_listing,unknown,unverified,2026-08-09
DHP,True,True,True,CTCP Điện cơ Hải Phòng,present_in_current_vnstock_listing,unknown,unverified,2026-08-09
DHT,True,True,True,CTCP Dược phẩm Hà Tây,present_in_current_vnstock_listing,unknown,unverified,2026-08-09
DIC,True,True,True,CTCP Đầu tư và Thương mại DIC,present_in_current_vnstock_listing,unknown,unverified,2026-08-09
DID,True,True,True,CTCP DIC - Đồng Tiến,present_in_current_vnstock_listing,unknown,unverified,2026-08-09
DIG,True,True,True,Tổng Công ty cổ phần Đầu tư Phát triển Xây dựng,present_in_current_vnstock_listing,unknown,unverified,2026-08-09
DIH,True,True,True,CTCP Đầu tư Phát triển Xây dựng - Hội An,present_in_current_vnstock_listing,unknown,unverified,2026-08-09
DKC,True,True,True,CTCP Chợ Lạng Sơn,present_in_current_vnstock_listing,unknown,unverified,2026-08-09
DKG,True,True,True,CTCP Tập đoàn Damik,present_in_current_vnstock_listing,unknown,unverified,2026-08-09
DL1,True,True,True,CTCP Tập đoàn Alpha Seven,present_in_current_vnstock_listing,unknown,unverified,2026-08-09
DLD,True,True,True,CTCP Du lịch Đắk Lắk,present_in_current_vnstock_listing,unknown,unverified,2026-08-09
DLG,True,True,True,CTCP Tập đoàn Đức Long Gia Lai,present_in_current_vnstock_listing,unknown,unverified,2026-08-09
DLR,True,True,True,CTCP Địa ốc Đà Lạt,present_in_current_vnstock_listing,unknown,unverified,2026-08-09
DLT,True,True,True,CTCP Du lịch và Thương mại - Vinacomin,present_in_current_vnstock_listing,unknown,unverified,2026-08-09
DM7,True,True,True,CTCP Dệt May 7,present_in_current_vnstock_listing,unknown,unverified,2026-08-09
DMC,True,True,True,CTCP Xuất nhập khẩu Y Tế DOMESCO,present_in_current_vnstock_listing,unknown,unverified,2026-08-09
DMN,True,True,True,CTCP Domenal,present_in_current_vnstock_listing,unknown,unverified,2026-08-09
DNA,True,True,True,CTCP Điện Nước An Giang,present_in_current_vnstock_listing,unknown,unverified,2026-08-09
DNC,True,True,True,CTCP Điện Nước Lắp máy Hải Phòng,present_in_current_vnstock_listing,unknown,unverified,2026-08-09
DND,True,True,True,CTCP Đầu tư Xây dựng và Vật liệu Đồng Nai,present_in_current_vnstock_listing,unknown,unverified,2026-08-09
DNE,True,True,True,CTCP Môi trường Đô thị Đà Nẵng,present_in_current_vnstock_listing,unknown,unverified,2026-08-09
DNH,True,True,True,CTCP Thủy điện Đa Nhim - Hàm Thuận - Đa Mi,present_in_current_vnstock_listing,unknown,unverified,2026-08-09
DNL,True,True,True,CTCP Logistics Cảng Đà Nẵng,present_in_current_vnstock_listing,unknown,unverified,2026-08-09
DNM,True,True,True,Tổng Công ty cổ phần Y tế DANAMECO,present_in_current_vnstock_listing,unknown,unverified,2026-08-09
DNN,True,True,True,CTCP Cấp nước Đà Nẵng,present_in_current_vnstock_listing,unknown,unverified,2026-08-09
DNP,True,True,True,CTCP DNP Holding,present_in_current_vnstock_listing,unknown,unverified,2026-08-09
DNT,True,True,True,CTCP Du lịch Đồng Nai,present_in_current_vnstock_listing,unknown,unverified,2026-08-09
DNW,True,True,True,CTCP Cấp nước Đồng Nai,present_in_current_vnstock_listing,unknown,unverified,2026-08-09
DOC,True,True,True,CTCP Vật tư Nông Nghiệp Đồng Nai,present_in_current_vnstock_listing,unknown,unverified,2026-08-09
DOP,True,True,True,CTCP Vận tải Xăng dầu Đồng Tháp,present_in_current_vnstock_listing,unknown,unverified,2026-08-09
DP1,True,True,True,CTCP Dược phẩm Trung ương CPC1,present_in_current_vnstock_listing,unknown,unverified,2026-08-09
DP2,True,True,True,CTCP Dược phẩm Trung ương 2,present_in_current_vnstock_listing,unknown,unverified,2026-08-09
DP3,True,True,True,CTCP Dược phẩm Trung ương 3,present_in_current_vnstock_listing,unknown,unverified,2026-08-09
DPC,True,True,True,CTCP Nhựa Đà Nẵng,present_in_current_vnstock_listing,unknown,unverified,2026-08-09
DPG,True,True,True,CTCP Tập đoàn Đạt Phương,present_in_current_vnstock_listing,unknown,unverified,2026-08-09
DPH,True,True,True,CTCP Dược phẩm Hải Phòng,present_in_current_vnstock_listing,unknown,unverified,2026-08-09
DPM,True,True,True,Tổng công ty Phân bón và Hóa chất Dầu khí - CTCP,present_in_current_vnstock_listing,unknown,unverified,2026-08-09
DPP,True,True,True,CTCP Dược Đồng Nai,present_in_current_vnstock_listing,unknown,unverified,2026-08-09
DPR,True,True,True,CTCP Cao su Đồng Phú,present_in_current_vnstock_listing,unknown,unverified,2026-08-09
DQC,True,True,True,CTCP Tập đoàn Điện Quang,present_in_current_vnstock_listing,unknown,unverified,2026-08-09
DRC,True,True,True,CTCP Cao su Đà Nẵng,present_in_current_vnstock_listing,unknown,unverified,2026-08-09
DRG,True,True,True,CTCP Cao su Đắk Lắk,present_in_current_vnstock_listing,unknown,unverified,2026-08-09
DRH,True,True,True,CTCP DRH Holdings,present_in_current_vnstock_listing,unknown,unverified,2026-08-09
DRI,True,True,True,CTCP Đầu tư Cao su Đắk Lắk,present_in_current_vnstock_listing,unknown,unverified,2026-08-09
DRL,True,True,True,CTCP Thủy điện - Điện Lực 3,present_in_current_vnstock_listing,unknown,unverified,2026-08-09
DS3,True,True,True,CTCP DS3,present_in_current_vnstock_listing,unknown,unverified,2026-08-09
DSC,True,True,True,CTCP Chứng khoán DSC,present_in_current_vnstock_listing,unknown,unverified,2026-08-09
DSD,True,True,True,CTCP DHC Suối Đôi,present_in_current_vnstock_listing,unknown,unverified,2026-08-09
DSE,True,True,True,CTCP Chứng khoán DNSE,present_in_current_vnstock_listing,unknown,unverified,2026-08-09
DSG,True,True,True,CTCP Kính Đáp Cầu,present_in_current_vnstock_listing,unknown,unverified,2026-08-09
DSH,True,True,True,CTCP Đông Sơn Holding,present_in_current_vnstock_listing,unknown,unverified,2026-08-09
DSN,True,True,True,CTCP Công viên nước Đầm Sen,present_in_current_vnstock_listing,unknown,unverified,2026-08-09
DSP,True,True,True,CTCP Dịch vụ Du lịch Phú Thọ,present_in_current_vnstock_listing,unknown,unverified,2026-08-09
DST,True,True,True,CTCP Đầu tư Sao Thăng Long,present_in_current_vnstock_listing,unknown,unverified,2026-08-09
DTA,True,True,True,CTCP Đệ Tam,present_in_current_vnstock_listing,unknown,unverified,2026-08-09
DTC,True,True,True,CTCP Viglacera Đông Triều,present_in_current_vnstock_listing,unknown,unverified,2026-08-09
DTD,True,True,True,CTCP Đầu tư Phát triển Thành Đạt,present_in_current_vnstock_listing,unknown,unverified,2026-08-09
DTG,True,True,True,CTCP Dược phẩm Tipharco,present_in_current_vnstock_listing,unknown,unverified,2026-08-09
DTH,True,True,True,CTCP Dược - Vật tư Y Tế Thanh Hóa,present_in_current_vnstock_listing,unknown,unverified,2026-08-09
DTI,True,True,True,CTCP Đầu tư Đức Trung,present_in_current_vnstock_listing,unknown,unverified,2026-08-09
DTK,True,True,True,Tổng Công ty Điện lực TKV - CTCP,present_in_current_vnstock_listing,unknown,unverified,2026-08-09
DTL,True,True,True,CTCP Đại Thiên Lộc,present_in_current_vnstock_listing,unknown,unverified,2026-08-09
DTP,True,True,True,CTCP Dược phẩm CPC1 Hà Nội,present_in_current_vnstock_listing,unknown,unverified,2026-08-09
DTT,True,True,True,CTCP Kỹ nghệ Đô Thành,present_in_current_vnstock_listing,unknown,unverified,2026-08-09
DUS,True,True,True,CTCP Dịch vụ Đô thị Đà Lạt,present_in_current_vnstock_listing,unknown,unverified,2026-08-09
DVC,True,True,True,CTCP Thương mại Dịch vụ Tổng hợp Cảng Hải Phòng,present_in_current_vnstock_listing,unknown,unverified,2026-08-09
DVG,True,True,True,CTCP Đại Việt Group DVG,present_in_current_vnstock_listing,unknown,unverified,2026-08-09
DVM,True,True,True,CTCP Dược liệu Việt Nam,present_in_current_vnstock_listing,unknown,unverified,2026-08-09
DVN,True,True,True,Tổng Công ty Dược Việt Nam - CTCP,present_in_current_vnstock_listing,unknown,unverified,2026-08-09
DVP,True,True,True,CTCP Đầu tư và Phát triển Cảng Đình Vũ,present_in_current_vnstock_listing,unknown,unverified,2026-08-09
DVT,True,True,True,Trung tâm đào tạo nghiệp vụ Giao thông vận tải Bình Định,present_in_current_vnstock_listing,unknown,unverified,2026-08-09
DVW,True,True,True,CTCP Dịch vụ và Xây dựng Cấp nước Đồng Nai,present_in_current_vnstock_listing,unknown,unverified,2026-08-09
DWC,True,True,True,CTCP Cấp nước Đắk Lắk,present_in_current_vnstock_listing,unknown,unverified,2026-08-09
DWS,True,True,True,CTCP Cấp nước và Môi trường đô thị Đồng Tháp,present_in_current_vnstock_listing,unknown,unverified,2026-08-09
DXG,True,True,True,CTCP Bluemarq Group,present_in_current_vnstock_listing,unknown,unverified,2026-08-09
DXL,True,True,True,CTCP Du Lịch và Xuất nhập khẩu Lạng Sơn,present_in_current_vnstock_listing,unknown,unverified,2026-08-09
DXP,True,True,True,CTCP Cảng Đoạn Xá,present_in_current_vnstock_listing,unknown,unverified,2026-08-09
DXS,True,True,True,CTCP Dịch vụ Bất động sản Đất Xanh,present_in_current_vnstock_listing,unknown,unverified,2026-08-09
DXV,True,True,True,CTCP VICEM Vật liệu Xây dựng Đà Nẵng,present_in_current_vnstock_listing,unknown,unverified,2026-08-09
DZM,True,True,False,,absent_from_current_listing_unverified,unknown,unverified,2026-08-09
E12,True,True,True,CTCP Xây dựng Điện VNECO12,present_in_current_vnstock_listing,unknown,unverified,2026-08-09
E29,True,True,True,CTCP Đầu tư Xây dựng và Kỹ thuật 29,present_in_current_vnstock_listing,unknown,unverified,2026-08-09
EBS,True,True,True,CTCP Sách Giáo dục tại Thành phố Hà Nội,present_in_current_vnstock_listing,unknown,unverified,2026-08-09
ECI,True,True,True,CTCP Tập Đoàn ECI,present_in_current_vnstock_listing,unknown,unverified,2026-08-09
ECO,True,True,True,CTCP Nhựa sinh thái Việt Nam,present_in_current_vnstock_listing,unknown,unverified,2026-08-09
EFI,True,True,True,CTCP Đầu tư Tài chính Giáo dục,present_in_current_vnstock_listing,unknown,unverified,2026-08-09
EGL,True,True,True,CTCP Môi trường Đô thị Gia Lâm,present_in_current_vnstock_listing,unknown,unverified,2026-08-09
EIB,True,True,True,Ngân hàng TMCP Xuất nhập khẩu Việt Nam,present_in_current_vnstock_listing,unknown,unverified,2026-08-09
EIC,True,True,True,CTCP EVN Quốc tế,present_in_current_vnstock_listing,unknown,unverified,2026-08-09
EID,True,True,True,CTCP Đầu tư và Phát triển Giáo dục Hà Nội,present_in_current_vnstock_listing,unknown,unverified,2026-08-09
EIN,True,True,True,CTCP Đầu tư - Thương mại - Dịch vụ Điện Lực,present_in_current_vnstock_listing,unknown,unverified,2026-08-09
ELC,True,True,True,CTCP Công Nghệ - Viễn Thông Elcom,present_in_current_vnstock_listing,unknown,unverified,2026-08-09
EME,True,True,True,CTCP Điện cơ,present_in_current_vnstock_listing,unknown,unverified,2026-08-09
EMG,True,True,True,CTCP Thiết bị Phụ Tùng Cơ Điện,present_in_current_vnstock_listing,unknown,unverified,2026-08-09
EMS,True,True,True,Tổng Công ty Chuyển phát nhanh Bưu Điện - CTCP,present_in_current_vnstock_listing,unknown,unverified,2026-08-09
EVE,True,True,True,CTCP Everpia,present_in_current_vnstock_listing,unknown,unverified,2026-08-09
EVF,True,True,True,Công ty Tài chính Tổng hợp Cổ phần Điện lực,present_in_current_vnstock_listing,unknown,unverified,2026-08-09
EVG,True,True,True,CTCP Tập đoàn EverLand,present_in_current_vnstock_listing,unknown,unverified,2026-08-09
EVS,True,True,True,CTCP Chứng khoán EVS,present_in_current_vnstock_listing,unknown,unverified,2026-08-09
F88,True,True,True,CTCP Đầu tư F88,present_in_current_vnstock_listing,unknown,unverified,2026-08-09
FBC,True,True,True,CTCP Cơ khí Phổ Yên,present_in_current_vnstock_listing,unknown,unverified,2026-08-09
FCC,True,True,True,CTCP Liên hợp Thực phẩm,present_in_current_vnstock_listing,unknown,unverified,2026-08-09
FCM,True,True,True,CTCP Bê tông Phan Vũ Hà Nam,present_in_current_vnstock_listing,unknown,unverified,2026-08-09
FCN,True,True,True,CTCP FECON,present_in_current_vnstock_listing,unknown,unverified,2026-08-09
FCS,True,True,True,CTCP Lương thực Thành phố Hồ Chí Minh,present_in_current_vnstock_listing,unknown,unverified,2026-08-09
FDC,True,True,True,CTCP Ngoại thương và Phát triển Đầu tư Thành phố Hồ Chí Minh,present_in_current_vnstock_listing,unknown,unverified,2026-08-09
FGL,True,True,True,CTCP Cà phê Gia Lai,present_in_current_vnstock_listing,unknown,unverified,2026-08-09
FHN,True,True,True,CTCP Xuất nhập khẩu Lương thực - Thực phẩm Hà Nội,present_in_current_vnstock_listing,unknown,unverified,2026-08-09
FHS,True,True,True,CTCP Phát hành Sách Thành phố Hồ Chí Minh,present_in_current_vnstock_listing,unknown,unverified,2026-08-09
FIC,True,True,True,Tổng Công ty Vật liệu Xây dựng số 1 - CTCP,present_in_current_vnstock_listing,unknown,unverified,2026-08-09
FID,True,True,True,CTCP Đầu tư và Phát triển Doanh nghiệp Việt Nam,present_in_current_vnstock_listing,unknown,unverified,2026-08-09
FIR,True,True,True,CTCP Địa ốc First Real,present_in_current_vnstock_listing,unknown,unverified,2026-08-09
FIT,True,True,True,CTCP Tập đoàn F.I.T,present_in_current_vnstock_listing,unknown,unverified,2026-08-09
FLC,False,True,False,,absent_from_current_listing_unverified,unknown,unverified,2026-08-09
FMC,True,True,True,CTCP Thực phẩm Sao Ta,present_in_current_vnstock_listing,unknown,unverified,2026-08-09
FOC,True,True,True,CTCP Dịch vụ Trực tuyến FPT,present_in_current_vnstock_listing,unknown,unverified,2026-08-09
FOX,True,True,True,CTCP Viễn thông FPT,present_in_current_vnstock_listing,unknown,unverified,2026-08-09
FPT,True,True,True,CTCP FPT,present_in_current_vnstock_listing,unknown,unverified,2026-08-09
FRC,True,True,True,CTCP Lâm đặc sản Xuất khẩu Quảng Nam,present_in_current_vnstock_listing,unknown,unverified,2026-08-09
FRM,True,True,True,CTCP Lâm Nghiệp Sài Gòn,present_in_current_vnstock_listing,unknown,unverified,2026-08-09
FRT,True,True,True,CTCP Bán lẻ Kỹ thuật số FPT,present_in_current_vnstock_listing,unknown,unverified,2026-08-09
FSO,True,True,True,CTCP Cơ khí đóng tàu Thủy sản Việt Nam,present_in_current_vnstock_listing,unknown,unverified,2026-08-09
FT1,True,True,True,CTCP Phụ tùng Máy số 1,present_in_current_vnstock_listing,unknown,unverified,2026-08-09
FTI,True,True,True,CTCP Công nghiệp - Thương mại Hữu Nghị,present_in_current_vnstock_listing,unknown,unverified,2026-08-09
FTM,True,True,True,CTCP Đầu tư và Phát triển Đức Quân,present_in_current_vnstock_listing,unknown,unverified,2026-08-09
FTS,True,True,True,CTCP Chứng khoán FPT,present_in_current_vnstock_listing,unknown,unverified,2026-08-09
G20,True,True,True,CTCP Đầu tư Dệt may Vĩnh Phúc,present_in_current_vnstock_listing,unknown,unverified,2026-08-09
G36,True,True,True,Tổng Công ty 36 - CTCP,present_in_current_vnstock_listing,unknown,unverified,2026-08-09
GAS,True,True,True,Tổng Công ty Khí Việt Nam - CTCP,present_in_current_vnstock_listing,unknown,unverified,2026-08-09
GCB,True,True,True,CTCP Petec Bình Định,present_in_current_vnstock_listing,unknown,unverified,2026-08-09
GCF,True,True,True,CTCP Thực phẩm G.C,present_in_current_vnstock_listing,unknown,unverified,2026-08-09
GDA,True,True,True,CTCP Tôn Đông Á,present_in_current_vnstock_listing,unknown,unverified,2026-08-09
GDH,True,True,True,CTCP Tập đoàn GDC,present_in_current_vnstock_listing,unknown,unverified,2026-08-09
GDT,True,True,True,CTCP Chế biến Gỗ Đức Thành,present_in_current_vnstock_listing,unknown,unverified,2026-08-09
GDW,True,True,True,CTCP Cấp nước Gia Định,present_in_current_vnstock_listing,unknown,unverified,2026-08-09
GEE,True,True,True,CTCP Điện lực Gelex,present_in_current_vnstock_listing,unknown,unverified,2026-08-09
GEG,True,True,True,CTCP Điện Gia Lai,present_in_current_vnstock_listing,unknown,unverified,2026-08-09
GEL,True,True,True,CTCP Hạ tầng GELEX,present_in_current_vnstock_listing,unknown,unverified,2026-08-09
GER,True,True,True,CTCP Thể thao Ngôi sao Geru,present_in_current_vnstock_listing,unknown,unverified,2026-08-09
GEX,True,True,True,CTCP Tập đoàn GELEX,present_in_current_vnstock_listing,unknown,unverified,2026-08-09
GGG,True,True,True,CTCP Ô tô Giải Phóng,present_in_current_vnstock_listing,unknown,unverified,2026-08-09
GH3,True,True,True,CTCP Công trình Giao thông Hà Nội,present_in_current_vnstock_listing,unknown,unverified,2026-08-09
GHC,True,True,True,CTCP Thủy điện Gia Lai,present_in_current_vnstock_listing,unknown,unverified,2026-08-09
GIC,True,True,True,CTCP VSC Green Logistics,present_in_current_vnstock_listing,unknown,unverified,2026-08-09
GIL,True,True,True,CTCP Sản xuất Kinh doanh và Xuất nhập khẩu Bình Thạnh,present_in_current_vnstock_listing,unknown,unverified,2026-08-09
GKM,True,True,True,CTCP GKM Holdings,present_in_current_vnstock_listing,unknown,unverified,2026-08-09
GLC,True,True,True,CTCP Vàng Lào Cai,present_in_current_vnstock_listing,unknown,unverified,2026-08-09
GLT,True,True,True,CTCP Kỹ thuật Điện Toàn cầu,present_in_current_vnstock_listing,unknown,unverified,2026-08-09
GLW,True,True,True,CTCP Cấp thoát nước Gia Lai,present_in_current_vnstock_listing,unknown,unverified,2026-08-09
GMA,True,True,True,CTCP G-Automobile,present_in_current_vnstock_listing,unknown,unverified,2026-08-09
GMC,True,True,True,CTCP Garmex Sài Gòn,present_in_current_vnstock_listing,unknown,unverified,2026-08-09
GMD,True,True,True,CTCP Tập đoàn Gemadept,present_in_current_vnstock_listing,unknown,unverified,2026-08-09
GMH,True,True,True,CTCP Minh Hưng Quảng Trị,present_in_current_vnstock_listing,unknown,unverified,2026-08-09
GMX,True,True,True,CTCP Gạch ngói Gốm Xây dựng Mỹ Xuân,present_in_current_vnstock_listing,unknown,unverified,2026-08-09
GND,True,True,True,CTCP Gạch ngói Đồng Nai,present_in_current_vnstock_listing,unknown,unverified,2026-08-09
GPC,True,True,True,CTCP Tập đoàn Green+,present_in_current_vnstock_listing,unknown,unverified,2026-08-09
GSM,True,True,True,CTCP Thủy điện Hương Sơn,present_in_current_vnstock_listing,unknown,unverified,2026-08-09
GSP,True,True,True,CTCP Vận tải Sản Phẩm Khí Quốc tế,present_in_current_vnstock_listing,unknown,unverified,2026-08-09
GTA,True,True,True,CTCP Chế biến gỗ Thuận An,present_in_current_vnstock_listing,unknown,unverified,2026-08-09
GTD,True,True,True,CTCP Giầy Thượng Đình,present_in_current_vnstock_listing,unknown,unverified,2026-08-09
GTS,True,True,True,CTCP Công trình Giao thông Sài Gòn,present_in_current_vnstock_listing,unknown,unverified,2026-08-09
GTT,True,True,True,CTCP Thuận Thảo,present_in_current_vnstock_listing,unknown,unverified,2026-08-09
GVR,True,True,True,Tập đoàn Công nghiệp Cao su Việt Nam - CTCP,present_in_current_vnstock_listing,unknown,unverified,2026-08-09
GVT,True,True,True,CTCP Giấy Việt Trì,present_in_current_vnstock_listing,unknown,unverified,2026-08-09
H11,True,True,True,CTCP Xây dựng HUD101,present_in_current_vnstock_listing,unknown,unverified,2026-08-09
HAC,True,True,True,CTCP Chứng khoán Hải Phòng,present_in_current_vnstock_listing,unknown,unverified,2026-08-09
HAD,True,True,True,CTCP Bia Hà Nội - Hải Dương,present_in_current_vnstock_listing,unknown,unverified,2026-08-09
HAF,True,True,True,CTCP Thực phẩm Hà Nội,present_in_current_vnstock_listing,unknown,unverified,2026-08-09
HAG,True,True,True,CTCP Hoàng Anh Gia Lai,present_in_current_vnstock_listing,unknown,unverified,2026-08-09
HAH,True,True,True,CTCP Vận tải và Xếp dỡ Hải An,present_in_current_vnstock_listing,unknown,unverified,2026-08-09
HAM,True,True,True,CTCP Vật tư Hậu Giang,present_in_current_vnstock_listing,unknown,unverified,2026-08-09
HAN,True,True,True,Tổng Công ty Xây dựng Hà Nội - CTCP,present_in_current_vnstock_listing,unknown,unverified,2026-08-09
HAP,True,True,True,CTCP Tập đoàn Hapaco,present_in_current_vnstock_listing,unknown,unverified,2026-08-09
HAR,True,True,True,CTCP Đầu tư Thương mại Bất động sản An Dương Thảo Điền,present_in_current_vnstock_listing,unknown,unverified,2026-08-09
HAS,True,True,True,CTCP Hacisco,present_in_current_vnstock_listing,unknown,unverified,2026-08-09
HAT,True,True,True,CTCP Thương mại Bia Hà Nội,present_in_current_vnstock_listing,unknown,unverified,2026-08-09
HAV,True,True,True,CTCP Rượu Hapro,present_in_current_vnstock_listing,unknown,unverified,2026-08-09
HAX,True,True,True,CTCP Dịch vụ Ô tô Hàng Xanh,present_in_current_vnstock_listing,unknown,unverified,2026-08-09
HBC,True,True,True,CTCP Tập đoàn Xây dựng Hòa Bình,present_in_current_vnstock_listing,unknown,unverified,2026-08-09
HBD,True,True,True,CTCP Bao Bì PP Bình Dương,present_in_current_vnstock_listing,unknown,unverified,2026-08-09
HBH,True,True,True,CTCP Habeco - Hải Phòng,present_in_current_vnstock_listing,unknown,unverified,2026-08-09
HBS,True,True,True,CTCP Chứng khoán Hòa Bình,present_in_current_vnstock_listing,unknown,unverified,2026-08-09
HC1,True,True,True,CTCP Xây dựng Số 1 Hà Nội,present_in_current_vnstock_listing,unknown,unverified,2026-08-09
HC3,True,True,True,CTCP Xây dựng Số 3 Hải Phòng,present_in_current_vnstock_listing,unknown,unverified,2026-08-09
HCC,True,True,True,CTCP Bê tông Hòa Cầm - Intimex,present_in_current_vnstock_listing,unknown,unverified,2026-08-09
HCD,True,True,True,CTCP Đầu tư Sản xuất và Thương mại HCD,present_in_current_vnstock_listing,unknown,unverified,2026-08-09
HCI,True,True,True,CTCP Đầu tư Xây dựng Hà Nội ,present_in_current_vnstock_listing,unknown,unverified,2026-08-09
HCM,True,True,True,CTCP Chứng khoán Thành phố Hồ Chí Minh,present_in_current_vnstock_listing,unknown,unverified,2026-08-09
HCT,True,True,True,CTCP Thương mại Dịch vụ Vận tải Xi măng Hải Phòng,present_in_current_vnstock_listing,unknown,unverified,2026-08-09
HD2,True,True,True,CTCP Đầu tư Phát triển Nhà HUD2,present_in_current_vnstock_listing,unknown,unverified,2026-08-09
HD6,True,True,True,CTCP Đầu tư và Phát triển Nhà Số 6 Hà Nội,present_in_current_vnstock_listing,unknown,unverified,2026-08-09
HD8,True,True,True,CTCP Đầu tư Phát triển Nhà và Đô thị HUD8,present_in_current_vnstock_listing,unknown,unverified,2026-08-09
HDA,True,True,True,CTCP Hãng sơn Đông Á,present_in_current_vnstock_listing,unknown,unverified,2026-08-09
HDB,True,True,True,Ngân hàng TMCP Phát triển Thành phố Hồ Chí Minh,present_in_current_vnstock_listing,unknown,unverified,2026-08-09
HDC,True,True,True,CTCP Phát triển Nhà Bà Rịa - Vũng Tàu,present_in_current_vnstock_listing,unknown,unverified,2026-08-09
HDG,True,True,True,CTCP Tập đoàn Hà Đô,present_in_current_vnstock_listing,unknown,unverified,2026-08-09
HDM,True,True,True,CTCP Dệt may Huế,present_in_current_vnstock_listing,unknown,unverified,2026-08-09
HDP,True,True,True,CTCP Dược Hà Tĩnh,present_in_current_vnstock_listing,unknown,unverified,2026-08-09
HDW,True,True,True,CTCP Kinh doanh Nước sạch Hải Dương,present_in_current_vnstock_listing,unknown,unverified,2026-08-09
HEC,True,True,True,CTCP Tư vấn Xây dựng Thủy Lợi II,present_in_current_vnstock_listing,unknown,unverified,2026-08-09
HEJ,True,True,True,Tổng Công ty Tư vấn Xây dựng Thủy lợi Việt Nam - CTCP,present_in_current_vnstock_listing,unknown,unverified,2026-08-09
HEP,True,True,True,CTCP Môi trường và Công trình Đô thị Huế,present_in_current_vnstock_listing,unknown,unverified,2026-08-09
HES,True,True,True,CTCP Dịch vụ Giải trí Hà Nội,present_in_current_vnstock_listing,unknown,unverified,2026-08-09
HEV,True,True,True,CTCP Sách Đại học - Dạy nghề,present_in_current_vnstock_listing,unknown,unverified,2026-08-09
HFB,True,True,True,CTCP Công trình Cầu phà Thành phố Hồ Chí Minh,present_in_current_vnstock_listing,unknown,unverified,2026-08-09
HFC,True,True,True,CTCP Xăng dầu HFC,present_in_current_vnstock_listing,unknown,unverified,2026-08-09
HFX,True,True,True,CTCP Sản xuất - Xuất nhập khẩu Thanh Hà,present_in_current_vnstock_listing,unknown,unverified,2026-08-09
HGM,True,True,True,CTCP Cơ khí và Khoáng sản Hà Giang,present_in_current_vnstock_listing,unknown,unverified,2026-08-09
HGT,True,True,True,CTCP Du lịch Hương Giang,present_in_current_vnstock_listing,unknown,unverified,2026-08-09
HHB,True,True,True,CTCP Bia Hà Nội - Hồng Hà,present_in_current_vnstock_listing,unknown,unverified,2026-08-09
HHC,True,True,True,CTCP Bánh kẹo Hải Hà ,present_in_current_vnstock_listing,unknown,unverified,2026-08-09
HHG,True,True,True,CTCP Hoàng Hà,present_in_current_vnstock_listing,unknown,unverified,2026-08-09
HHN,True,True,True,CTCP Vận tải và Dịch vụ Hàng hóa Hà Nội,present_in_current_vnstock_listing,unknown,unverified,2026-08-09
HHP,True,True,True,CTCP HHP Global,present_in_current_vnstock_listing,unknown,unverified,2026-08-09
HHS,True,True,True,CTCP Đầu tư Dịch vụ Hoàng Huy,present_in_current_vnstock_listing,unknown,unverified,2026-08-09
HHV,True,True,True,CTCP Đầu tư Hạ tầng Giao thông Đèo Cả,present_in_current_vnstock_listing,unknown,unverified,2026-08-09
HID,True,True,True,CTCP Halcom Việt Nam,present_in_current_vnstock_listing,unknown,unverified,2026-08-09
HII,True,True,True,CTCP An Tiến Industries,present_in_current_vnstock_listing,unknown,unverified,2026-08-09
HIO,True,True,True,CTCP Helio Energy,present_in_current_vnstock_listing,unknown,unverified,2026-08-09
HJC,True,True,True,CTCP Hòa Việt,present_in_current_vnstock_listing,unknown,unverified,2026-08-09
HJS,True,True,True,CTCP Thủy điện Nậm Mu,present_in_current_vnstock_listing,unknown,unverified,2026-08-09
HKB,True,True,True,CTCP Nông nghiệp và Thực phẩm Hà Nội - Kinh Bắc,present_in_current_vnstock_listing,unknown,unverified,2026-08-09
HKT,True,True,True,CTCP QP Holdings,present_in_current_vnstock_listing,unknown,unverified,2026-08-09
HLA,True,True,True,CTCP Hữu Liên Á Châu,present_in_current_vnstock_listing,unknown,unverified,2026-08-09
HLB,True,True,True,CTCP Bia và Nước giải khát Hạ Long,present_in_current_vnstock_listing,unknown,unverified,2026-08-09
HLC,True,True,True,CTCP Than Hà Lầm - Vinacomin,present_in_current_vnstock_listing,unknown,unverified,2026-08-09
HLD,True,True,True,CTCP Đầu tư và Phát triển Bất động sản Hudland,present_in_current_vnstock_listing,unknown,unverified,2026-08-09
HLO,True,True,True,CTCP Công nghệ Ha Lô,present_in_current_vnstock_listing,unknown,unverified,2026-08-09
HLS,True,True,True,CTCP Sứ Kỹ thuật Hoàng Liên Sơn,present_in_current_vnstock_listing,unknown,unverified,2026-08-09
HLT,True,True,True,CTCP Dệt may Hoàng Thị Loan,present_in_current_vnstock_listing,unknown,unverified,2026-08-09
HLY,True,True,True,CTCP Gốm Xây Dựng Yên Hưng,present_in_current_vnstock_listing,unknown,unverified,2026-08-09
HMC,True,True,True,CTCP Kim khí Thành phố Hồ Chí Minh - VNSTEEL,present_in_current_vnstock_listing,unknown,unverified,2026-08-09
HMD,True,True,True,CTCP Hóa chất Minh Đức,present_in_current_vnstock_listing,unknown,unverified,2026-08-09
HMG,True,True,True,CTCP Kim khí Hà Nội - VNSTEEL,present_in_current_vnstock_listing,unknown,unverified,2026-08-09
HMH,True,True,True,CTCP Hải Minh,present_in_current_vnstock_listing,unknown,unverified,2026-08-09
HMR,True,True,True,CTCP Đá Hoàng Mai,present_in_current_vnstock_listing,unknown,unverified,2026-08-09
HMS,True,True,True,CTCP Xây dựng Bảo tàng Hồ Chí Minh,present_in_current_vnstock_listing,unknown,unverified,2026-08-09
HNA,True,True,True,CTCP Thủy điện Hủa Na,present_in_current_vnstock_listing,unknown,unverified,2026-08-09
HNB,True,True,True,CTCP Bến xe Hà Nội,present_in_current_vnstock_listing,unknown,unverified,2026-08-09
HND,True,True,True,CTCP Nhiệt điện Hải Phòng,present_in_current_vnstock_listing,unknown,unverified,2026-08-09
HNF,True,True,True,CTCP Thực phẩm Hữu Nghị,present_in_current_vnstock_listing,unknown,unverified,2026-08-09
HNG,True,True,True,CTCP Nông nghiệp Quốc tế Hoàng Anh Gia Lai,present_in_current_vnstock_listing,unknown,unverified,2026-08-09
HNI,True,True,True,CTCP May Hữu Nghị,present_in_current_vnstock_listing,unknown,unverified,2026-08-09
HNM,True,True,True,CTCP Sữa Hà Nội,present_in_current_vnstock_listing,unknown,unverified,2026-08-09
HNP,True,True,True,CTCP Hanel Xốp nhựa,present_in_current_vnstock_listing,unknown,unverified,2026-08-09
HNR,True,True,True,CTCP Rượu và Nước giải khát Hà Nội,present_in_current_vnstock_listing,unknown,unverified,2026-08-09
HOM,True,True,True,CTCP Xi măng VICEM Hoàng Mai,present_in_current_vnstock_listing,unknown,unverified,2026-08-09
HOT,True,True,True,CTCP Du lịch - Dịch vụ Hội An,present_in_current_vnstock_listing,unknown,unverified,2026-08-09
HPA,True,True,True,CTCP Phát triển Nông nghiệp Hòa Phát,present_in_current_vnstock_listing,unknown,unverified,2026-08-09
HPB,True,True,True,CTCP Bao bì PP,present_in_current_vnstock_listing,unknown,unverified,2026-08-09
HPD,True,True,True,CTCP Thủy điện ĐăK Đoa,present_in_current_vnstock_listing,unknown,unverified,2026-08-09
HPG,True,True,True,CTCP Tập đoàn Hòa Phát,present_in_current_vnstock_listing,unknown,unverified,2026-08-09
HPH,True,True,True,CTCP Hóa Chất Hưng Phát Hà Bắc,present_in_current_vnstock_listing,unknown,unverified,2026-08-09
HPI,True,True,True,CTCP Khu công nghiệp Hiệp Phước,present_in_current_vnstock_listing,unknown,unverified,2026-08-09
HPO,True,True,True,CTCP Công nghiệp Hapulico,present_in_current_vnstock_listing,unknown,unverified,2026-08-09
HPP,True,True,True,CTCP Sơn Hải Phòng,present_in_current_vnstock_listing,unknown,unverified,2026-08-09
HPT,True,True,True,CTCP Dịch vụ Công nghệ Tin học HPT,present_in_current_vnstock_listing,unknown,unverified,2026-08-09
HPW,True,True,True,CTCP Cấp nước Hải Phòng,present_in_current_vnstock_listing,unknown,unverified,2026-08-09
HPX,True,True,True,CTCP Đầu tư Hải Phát,present_in_current_vnstock_listing,unknown,unverified,2026-08-09
HQC,True,True,True,CTCP Tư vấn Thương mại Dịch vụ Địa Ốc Hoàng Quân,present_in_current_vnstock_listing,unknown,unverified,2026-08-09
HRB,True,True,True,CTCP Harec Đầu tư và Thương mại,present_in_current_vnstock_listing,unknown,unverified,2026-08-09
HRC,True,True,True,CTCP Cao su Hòa Bình,present_in_current_vnstock_listing,unknown,unverified,2026-08-09
HSA,True,True,True,CTCP Hestia,present_in_current_vnstock_listing,unknown,unverified,2026-08-09
HSG,True,True,True,CTCP Tập đoàn Hoa Sen,present_in_current_vnstock_listing,unknown,unverified,2026-08-09
HSL,True,True,True,CTCP Đầu tư Phát triển Thực phẩm Hồng Hà,present_in_current_vnstock_listing,unknown,unverified,2026-08-09
HSM,True,True,True,Tổng Công ty cổ phần Dệt may Hà Nội,present_in_current_vnstock_listing,unknown,unverified,2026-08-09
HSP,True,True,True,CTCP Sơn Tổng hợp Hà Nội,present_in_current_vnstock_listing,unknown,unverified,2026-08-09
HSV,True,True,True,CTCP Tập đoàn HSV Việt Nam,present_in_current_vnstock_listing,unknown,unverified,2026-08-09
HT1,True,True,True,CTCP Xi Măng Vicem Hà Tiên,present_in_current_vnstock_listing,unknown,unverified,2026-08-09
HTC,True,True,True,CTCP Thương mại Hóc Môn,present_in_current_vnstock_listing,unknown,unverified,2026-08-09
HTE,True,True,True,CTCP Đầu tư Kinh doanh Điện lực Thành phố Hồ Chí Minh,present_in_current_vnstock_listing,unknown,unverified,2026-08-09
HTG,True,True,True,Tổng Công ty cổ phần Dệt may Hòa Thọ,present_in_current_vnstock_listing,unknown,unverified,2026-08-09
HTI,True,True,True,CTCP Đầu tư Phát triển Hạ tầng IDICO,present_in_current_vnstock_listing,unknown,unverified,2026-08-09
HTL,True,True,True,CTCP Kỹ thuật và Ô tô Trường Long,present_in_current_vnstock_listing,unknown,unverified,2026-08-09
HTM,True,True,True,Tổng Công ty Thương mại Hà Nội - CTCP,present_in_current_vnstock_listing,unknown,unverified,2026-08-09
HTN,True,True,True,CTCP Hưng Thịnh Incons,present_in_current_vnstock_listing,unknown,unverified,2026-08-09
HTP,True,True,True,CTCP In Sách Giáo khoa Hòa Phát,present_in_current_vnstock_listing,unknown,unverified,2026-08-09
HTT,True,True,True,CTCP Thương mại Hà Tây,present_in_current_vnstock_listing,unknown,unverified,2026-08-09
HTV,True,True,True,CTCP Logistics Vicem,present_in_current_vnstock_listing,unknown,unverified,2026-08-09
HU1,True,True,True,CTCP Đầu tư và Xây dựng HUD1,present_in_current_vnstock_listing,unknown,unverified,2026-08-09
HU3,True,True,True,CTCP Đầu tư và Xây dựng HUD3,present_in_current_vnstock_listing,unknown,unverified,2026-08-09
HU4,True,True,True,CTCP Đầu tư và Xây dựng HUD4,present_in_current_vnstock_listing,unknown,unverified,2026-08-09
HU6,True,True,True,CTCP Đầu tư Phát triển Nhà và Đô thị HUD6,present_in_current_vnstock_listing,unknown,unverified,2026-08-09
HUB,True,True,True,CTCP Xây lắp Thừa Thiên Huế,present_in_current_vnstock_listing,unknown,unverified,2026-08-09
HUG,True,True,True,Tổng Công ty May Hưng Yên - CTCP,present_in_current_vnstock_listing,unknown,unverified,2026-08-09
HUT,True,True,True,CTCP Tasco,present_in_current_vnstock_listing,unknown,unverified,2026-08-09
HVA,True,True,True,CTCP Đầu tư HVA,present_in_current_vnstock_listing,unknown,unverified,2026-08-09
HVH,True,True,True,CTCP Đầu tư và Công nghệ HVC,present_in_current_vnstock_listing,unknown,unverified,2026-08-09
HVN,True,True,True,Tổng Công ty Hàng không Việt Nam - CTCP,present_in_current_vnstock_listing,unknown,unverified,2026-08-09
HVT,True,True,True,CTCP Hóa chất Việt Trì,present_in_current_vnstock_listing,unknown,unverified,2026-08-09
HVX,True,True,True,CTCP Xi măng VICEM Hải Vân,present_in_current_vnstock_listing,unknown,unverified,2026-08-09
HWS,True,True,True,CTCP Cấp nước Huế,present_in_current_vnstock_listing,unknown,unverified,2026-08-09
IBD,True,True,True,CTCP In Tổng hợp Bình Dương,present_in_current_vnstock_listing,unknown,unverified,2026-08-09
ICC,True,True,True,CTCP Xây dựng Công nghiệp (ICC),present_in_current_vnstock_listing,unknown,unverified,2026-08-09
ICF,True,True,True,CTCP Đầu tư Thương mại Thủy sản,present_in_current_vnstock_listing,unknown,unverified,2026-08-09
ICG,True,True,True,CTCP Xây dựng Sông Hồng,present_in_current_vnstock_listing,unknown,unverified,2026-08-09
ICI,True,True,True,CTCP Đầu tư và Xây dựng Công nghiệp,present_in_current_vnstock_listing,unknown,unverified,2026-08-09
ICN,True,True,True,CTCP Đầu tư Xây dựng Dầu khí IDICO,present_in_current_vnstock_listing,unknown,unverified,2026-08-09
ICT,True,True,True,CTCP Viễn thông - Tin học Bưu điện,present_in_current_vnstock_listing,unknown,unverified,2026-08-09
IDC,True,True,True,Tổng Công ty IDICO - CTCP,present_in_current_vnstock_listing,unknown,unverified,2026-08-09
IDI,True,True,True,CTCP Đầu tư và Phát triển Đa Quốc Gia - IDI,present_in_current_vnstock_listing,unknown,unverified,2026-08-09
IDJ,True,True,True,CTCP Đầu tư IDJ Việt Nam,present_in_current_vnstock_listing,unknown,unverified,2026-08-09
IDP,True,True,True,CTCP Sữa Quốc tế Lof,present_in_current_vnstock_listing,unknown,unverified,2026-08-09
IDV,True,True,True,CTCP Phát triển Hạ tầng Vĩnh Phúc,present_in_current_vnstock_listing,unknown,unverified,2026-08-09
IFS,True,True,True,CTCP Thực phẩm Quốc tế,present_in_current_vnstock_listing,unknown,unverified,2026-08-09
IJC,True,True,True,CTCP Phát triển Hạ tầng Kỹ thuật,present_in_current_vnstock_listing,unknown,unverified,2026-08-09
ILA,True,True,True,CTCP ILA,present_in_current_vnstock_listing,unknown,unverified,2026-08-09
ILB,True,True,True,CTCP ICD Tân Cảng - Long Bình,present_in_current_vnstock_listing,unknown,unverified,2026-08-09
ILC,True,True,True,CTCP Hợp tác Lao động với nước ngoài,present_in_current_vnstock_listing,unknown,unverified,2026-08-09
ILS,True,True,True,CTCP Đầu tư Thương mại và Dịch vụ Quốc tế,present_in_current_vnstock_listing,unknown,unverified,2026-08-09
IME,True,True,True,CTCP Cơ khí và Xây lắp Công nghiệp,present_in_current_vnstock_listing,unknown,unverified,2026-08-09
IMP,True,True,True,CTCP Dược phẩm Imexpharm,present_in_current_vnstock_listing,unknown,unverified,2026-08-09
IN4,True,True,True,CTCP In Số 4,present_in_current_vnstock_listing,unknown,unverified,2026-08-09
INC,True,True,True,CTCP Tư vấn Đầu tư IDICO,present_in_current_vnstock_listing,unknown,unverified,2026-08-09
INN,True,True,True,CTCP Bao bì và In Nông nghiệp,present_in_current_vnstock_listing,unknown,unverified,2026-08-09
IPA,True,True,True,CTCP Tập đoàn Đầu tư I.P.A,present_in_current_vnstock_listing,unknown,unverified,2026-08-09
IRC,True,True,True,CTCP Cao su Công nghiệp,present_in_current_vnstock_listing,unknown,unverified,2026-08-09
ISG,True,True,True,CTCP Vận tải biển và Hợp tác Lao động Quốc tế,present_in_current_vnstock_listing,unknown,unverified,2026-08-09
ISH,True,True,True,CTCP Thủy điện Srok Phu Miêng IDICO,present_in_current_vnstock_listing,unknown,unverified,2026-08-09
IST,True,True,True,CTCP ICD Tân Cảng Sóng Thần,present_in_current_vnstock_listing,unknown,unverified,2026-08-09
ITA,True,True,True,CTCP Đầu tư và Công nghiệp Tân Tạo,present_in_current_vnstock_listing,unknown,unverified,2026-08-09
ITC,True,True,True,CTCP Đầu tư và Kinh doanh Nhà,present_in_current_vnstock_listing,unknown,unverified,2026-08-09
ITD,True,True,True,CTCP Công nghệ ITD,present_in_current_vnstock_listing,unknown,unverified,2026-08-09
ITQ,True,True,True,CTCP Tập đoàn Thiên Quang,present_in_current_vnstock_listing,unknown,unverified,2026-08-09
ITS,True,True,True,CTCP Đầu tư Thương mại và Dịch vụ - Vinacomin,present_in_current_vnstock_listing,unknown,unverified,2026-08-09
IVS,True,True,True,CTCP Chứng khoán Guotai Haitong (Việt Nam),present_in_current_vnstock_listing,unknown,unverified,2026-08-09
JOS,True,True,True,CTCP Chế biến Thủy sản xuất khẩu Minh Hải,present_in_current_vnstock_listing,unknown,unverified,2026-08-09
JVC,True,True,True,CTCP Đầu tư Y tế - Dược phẩm Việt Nam,present_in_current_vnstock_listing,unknown,unverified,2026-08-09
KBC,True,True,True,Tổng Công ty Phát triển Đô thị Kinh Bắc - CTCP,present_in_current_vnstock_listing,unknown,unverified,2026-08-09
KCB,True,True,True,CTCP Khoáng sản và Luyện kim Cao Bằng - Vimico,present_in_current_vnstock_listing,unknown,unverified,2026-08-09
KDC,True,True,True,CTCP Tập đoàn KIDO,present_in_current_vnstock_listing,unknown,unverified,2026-08-09
KDH,True,True,True,CTCP Đầu tư và Kinh doanh Nhà Khang Điền,present_in_current_vnstock_listing,unknown,unverified,2026-08-09
KDM,True,True,True,CTCP Tập Đoàn GCL,present_in_current_vnstock_listing,unknown,unverified,2026-08-09
KGM,True,True,True,CTCP Xuất nhập khẩu Kiên Giang,present_in_current_vnstock_listing,unknown,unverified,2026-08-09
KHD,True,True,True,CTCP Khai thác Chế biến Khoáng sản Hải Dương,present_in_current_vnstock_listing,unknown,unverified,2026-08-09
KHG,True,True,True,CTCP Tập đoàn Khải Hoàn Land,present_in_current_vnstock_listing,unknown,unverified,2026-08-09
KHP,True,True,True,CTCP Điện lực Khánh Hòa,present_in_current_vnstock_listing,unknown,unverified,2026-08-09
KHS,True,True,True,CTCP Kiên Hùng,present_in_current_vnstock_listing,unknown,unverified,2026-08-09
KHW,True,True,True,CTCP Cấp thoát nước Khánh Hòa,present_in_current_vnstock_listing,unknown,unverified,2026-08-09
KHX,True,True,True,CTCP Phát hành sách Khánh Hòa,present_in_current_vnstock_listing,unknown,unverified,2026-08-09
KIP,True,True,True,CTCP K.I.P Việt Nam,present_in_current_vnstock_listing,unknown,unverified,2026-08-09
KKC,True,True,True,CTCP Tập Đoàn Thành Thái,present_in_current_vnstock_listing,unknown,unverified,2026-08-09
KLB,True,True,True,Ngân hàng TMCP Kiên Long,present_in_current_vnstock_listing,unknown,unverified,2026-08-09
KMR,True,True,True,CTCP Mirae,present_in_current_vnstock_listing,unknown,unverified,2026-08-09
KMT,True,True,True,CTCP Kim khí Miền Trung,present_in_current_vnstock_listing,unknown,unverified,2026-08-09
KOS,True,True,True,CTCP KOSY,present_in_current_vnstock_listing,unknown,unverified,2026-08-09
KPF,True,True,True,CTCP Đầu tư tài sản Koji,present_in_current_vnstock_listing,unknown,unverified,2026-08-09
KSB,True,True,True,CTCP Khoáng sản và Xây dựng Bình Dương,present_in_current_vnstock_listing,unknown,unverified,2026-08-09
KSD,True,True,True,CTCP Đầu tư DNA,present_in_current_vnstock_listing,unknown,unverified,2026-08-09
KSF,True,True,True,CTCP Tập đoàn Sunshine,present_in_current_vnstock_listing,unknown,unverified,2026-08-09
KSQ,True,True,True,CTCP CNC Capital Việt Nam,present_in_current_vnstock_listing,unknown,unverified,2026-08-09
KST,True,True,True,CTCP KASATI,present_in_current_vnstock_listing,unknown,unverified,2026-08-09
KSV,True,True,True,Tổng Công ty Khoáng sản TKV - CTCP,present_in_current_vnstock_listing,unknown,unverified,2026-08-09
KTC,True,True,True,CTCP Thương mại Kiên Giang,present_in_current_vnstock_listing,unknown,unverified,2026-08-09
KTL,True,True,True,CTCP Kim Khí Thăng Long,present_in_current_vnstock_listing,unknown,unverified,2026-08-09
KTS,True,True,True,CTCP Đường Kon Tum,present_in_current_vnstock_listing,unknown,unverified,2026-08-09
KTT,True,True,True,CTCP Tập đoàn Đầu tư KTT,present_in_current_vnstock_listing,unknown,unverified,2026-08-09
KVC,True,True,True,CTCP Sản xuất Xuất nhập khẩu Inox Kim Vĩ,present_in_current_vnstock_listing,unknown,unverified,2026-08-09
L10,True,True,True,CTCP Lilama 10,present_in_current_vnstock_listing,unknown,unverified,2026-08-09
L12,True,True,True,CTCP Licogi 12,present_in_current_vnstock_listing,unknown,unverified,2026-08-09
L14,True,True,True,CTCP Licogi 14,present_in_current_vnstock_listing,unknown,unverified,2026-08-09
L18,True,True,True,CTCP Đầu tư và Xây dựng Số 18,present_in_current_vnstock_listing,unknown,unverified,2026-08-09
L35,True,True,True,CTCP Cơ khí Lắp máy Lilama,present_in_current_vnstock_listing,unknown,unverified,2026-08-09
L40,True,True,True,CTCP Đầu Tư và Xây dựng 40,present_in_current_vnstock_listing,unknown,unverified,2026-08-09
L43,True,True,True,CTCP Lilama 45.3,present_in_current_vnstock_listing,unknown,unverified,2026-08-09
L45,True,True,True,CTCP Lilama 45.1,present_in_current_vnstock_listing,unknown,unverified,2026-08-09
L61,True,True,True,CTCP Lilama 69-1,present_in_current_vnstock_listing,unknown,unverified,2026-08-09
L62,True,True,True,CTCP Lilama 69-2,present_in_current_vnstock_listing,unknown,unverified,2026-08-09
L63,True,True,True,CTCP Lilama 69-3,present_in_current_vnstock_listing,unknown,unverified,2026-08-09
LAF,True,True,True,CTCP Chế biến hàng Xuất khẩu Long An,present_in_current_vnstock_listing,unknown,unverified,2026-08-09
LAI,True,True,True,CTCP Đầu Tư Xây dựng Long An IDICO,present_in_current_vnstock_listing,unknown,unverified,2026-08-09
LAS,True,True,True,CTCP Supe Phốt phát và Hóa chất Lâm Thao,present_in_current_vnstock_listing,unknown,unverified,2026-08-09
LAW,True,True,True,CTCP Cấp thoát nước Long An,present_in_current_vnstock_listing,unknown,unverified,2026-08-09
LBE,True,True,True,CTCP Thương mại và Dịch vụ LVA,present_in_current_vnstock_listing,unknown,unverified,2026-08-09
LBM,True,True,True,CTCP Khoáng sản và Vật liệu Xây dựng Lâm Đồng,present_in_current_vnstock_listing,unknown,unverified,2026-08-09
LCD,True,True,True,CTCP Lắp máy - Thí nghiệm Cơ điện,present_in_current_vnstock_listing,unknown,unverified,2026-08-09
LCG,True,True,True,CTCP Lizen,present_in_current_vnstock_listing,unknown,unverified,2026-08-09
LCM,True,True,True,CTCP Khai thác và Chế biến khoáng sản Lào Cai,present_in_current_vnstock_listing,unknown,unverified,2026-08-09
LDG,True,True,True,CTCP Đầu tư LDG,present_in_current_vnstock_listing,unknown,unverified,2026-08-09
LDP,True,True,True,CTCP Dược Lâm Đồng (Ladophar),present_in_current_vnstock_listing,unknown,unverified,2026-08-09
LDW,True,True,True,CTCP Cấp thoát nước Lâm Đồng,present_in_current_vnstock_listing,unknown,unverified,2026-08-09
LEC,True,True,True,CTCP Bất động sản Điện lực Miền Trung,present_in_current_vnstock_listing,unknown,unverified,2026-08-09
LG9,True,True,True,CTCP Cơ giới và Xây lắp Số 9,present_in_current_vnstock_listing,unknown,unverified,2026-08-09
LGC,True,True,True,CTCP Đầu tư Cầu đường CII,present_in_current_vnstock_listing,unknown,unverified,2026-08-09
LGL,True,True,True,CTCP Đầu tư và Phát triển Đô thị Long Giang,present_in_current_vnstock_listing,unknown,unverified,2026-08-09
LHC,True,True,True,CTCP Đầu tư và Xây dựng Thủy lợi Lâm Đồng,present_in_current_vnstock_listing,unknown,unverified,2026-08-09
LHG,True,True,True,CTCP Long Hậu,present_in_current_vnstock_listing,unknown,unverified,2026-08-09
LIC,True,True,True,Tổng Công ty LICOGI - CTCP,present_in_current_vnstock_listing,unknown,unverified,2026-08-09
LIG,True,True,True,CTCP Licogi 13,present_in_current_vnstock_listing,unknown,unverified,2026-08-09
LIX,True,True,True,CTCP Bột Giặt Lix,present_in_current_vnstock_listing,unknown,unverified,2026-08-09
LKW,True,True,True,CTCP Cấp nước Long Khánh,present_in_current_vnstock_listing,unknown,unverified,2026-08-09
LLM,True,True,True,Tổng Công ty Lắp máy Việt Nam - CTCP,present_in_current_vnstock_listing,unknown,unverified,2026-08-09
LM3,True,True,True,CTCP Lilama 3,present_in_current_vnstock_listing,unknown,unverified,2026-08-09
LM7,True,True,True,CTCP Lilama 7,present_in_current_vnstock_listing,unknown,unverified,2026-08-09
LM8,True,True,True,CTCP Lilama 18,present_in_current_vnstock_listing,unknown,unverified,2026-08-09
LMC,True,True,True,CTCP LUMI Holdings,present_in_current_vnstock_listing,unknown,unverified,2026-08-09
LMH,True,True,True,CTCP Quốc Tế Holding,present_in_current_vnstock_listing,unknown,unverified,2026-08-09
LMI,True,True,True,CTCP Đầu tư Xây dựng Lắp máy IDICO,present_in_current_vnstock_listing,unknown,unverified,2026-08-09
LNC,True,True,True,CTCP Lệ Ninh,present_in_current_vnstock_listing,unknown,unverified,2026-08-09
LO5,True,True,True,CTCP Lilama 5,present_in_current_vnstock_listing,unknown,unverified,2026-08-09
LPB,True,True,True,Ngân hàng TMCP Lộc Phát Việt Nam,present_in_current_vnstock_listing,unknown,unverified,2026-08-09
LPT,True,True,True,CTCP Thương mại và Sản xuất Lập Phương Thành,present_in_current_vnstock_listing,unknown,unverified,2026-08-09
LQN,True,True,True,CTCP Licogi Quảng Ngãi,present_in_current_vnstock_listing,unknown,unverified,2026-08-09
LSG,True,True,True,CTCP Bất động sản Sài Gòn Vina,present_in_current_vnstock_listing,unknown,unverified,2026-08-09
LSS,True,True,True,CTCP Mía Đường Lam Sơn,present_in_current_vnstock_listing,unknown,unverified,2026-08-09
LTC,True,True,True,CTCP Điện nhẹ Viễn Thông,present_in_current_vnstock_listing,unknown,unverified,2026-08-09
LTG,True,True,True,CTCP Tập đoàn Lộc Trời,present_in_current_vnstock_listing,unknown,unverified,2026-08-09
LUT,True,True,True,CTCP Đầu tư Xây dựng Lương Tài,present_in_current_vnstock_listing,unknown,unverified,2026-08-09
M10,True,True,True,Tổng Công ty May 10 - CTCP,present_in_current_vnstock_listing,unknown,unverified,2026-08-09
MA1,True,True,True,CTCP Thiết bị,present_in_current_vnstock_listing,unknown,unverified,2026-08-09
MAC,True,True,True,CTCP Tập đoàn Macstar,present_in_current_vnstock_listing,unknown,unverified,2026-08-09
MAS,True,True,True,CTCP Dịch vụ Hàng không Sân bay Đà Nẵng,present_in_current_vnstock_listing,unknown,unverified,2026-08-09
MBB,True,True,True,Ngân hàng TMCP Quân đội,present_in_current_vnstock_listing,unknown,unverified,2026-08-09
MBG,True,True,True,CTCP Tập đoàn MBG,present_in_current_vnstock_listing,unknown,unverified,2026-08-09
MBN,True,True,True,CTCP Môi trường và Công trình đô thị Bắc Ninh,present_in_current_vnstock_listing,unknown,unverified,2026-08-09
MBS,True,True,True,CTCP Chứng khoán MB,present_in_current_vnstock_listing,unknown,unverified,2026-08-09
MBT,True,True,True,CTCP Bất động sản cho thuê Minh Bảo Tín,present_in_current_vnstock_listing,unknown,unverified,2026-08-09
MCC,True,True,True,CTCP Gạch ngói Cao cấp,present_in_current_vnstock_listing,unknown,unverified,2026-08-09
MCF,True,True,True,CTCP Xây lắp Cơ khí và Lương thực Thực phẩm,present_in_current_vnstock_listing,unknown,unverified,2026-08-09
MCG,True,True,True,CTCP Năng lượng và Bất động sản MCG,present_in_current_vnstock_listing,unknown,unverified,2026-08-09
MCH,True,True,True,CTCP Hàng tiêu dùng Masan,present_in_current_vnstock_listing,unknown,unverified,2026-08-09
MCM,True,True,True,CTCP Giống Bò sữa Mộc Châu,present_in_current_vnstock_listing,unknown,unverified,2026-08-09
MCO,True,True,True,CTCP Đầu tư và Xây dựng BDC Việt Nam,present_in_current_vnstock_listing,unknown,unverified,2026-08-09
MCP,True,True,True,CTCP In và Bao bì Mỹ Châu,present_in_current_vnstock_listing,unknown,unverified,2026-08-09
MDA,True,True,True,CTCP Môi trường Đô thị Đông Anh,present_in_current_vnstock_listing,unknown,unverified,2026-08-09
MDC,True,True,True,CTCP Than Mông Dương - Vinacomin,present_in_current_vnstock_listing,unknown,unverified,2026-08-09
MDF,True,True,True,CTCP Gỗ MDF VRG - Quảng Trị,present_in_current_vnstock_listing,unknown,unverified,2026-08-09
MDG,True,True,True,CTCP Miền Đông,present_in_current_vnstock_listing,unknown,unverified,2026-08-09
MEC,True,True,True,CTCP Cơ khí - Lắp máy Sông Đà,present_in_current_vnstock_listing,unknown,unverified,2026-08-09
MED,True,True,True,CTCP Dược Trung ương Mediplantex,present_in_current_vnstock_listing,unknown,unverified,2026-08-09
MEF,True,True,True,CTCP MEINFA,present_in_current_vnstock_listing,unknown,unverified,2026-08-09
MEL,True,True,True,CTCP Thép Mê Lin,present_in_current_vnstock_listing,unknown,unverified,2026-08-09
MES,True,True,True,CTCP Cơ điện Công trình,present_in_current_vnstock_listing,unknown,unverified,2026-08-09
MFS,True,True,True,CTCP Dịch vụ Kỹ thuật Mobifone,present_in_current_vnstock_listing,unknown,unverified,2026-08-09
MGC,True,True,True,CTCP Địa chất mỏ - TKV,present_in_current_vnstock_listing,unknown,unverified,2026-08-09
MGG,True,True,True,Tổng Công ty Đức Giang - CTCP,present_in_current_vnstock_listing,unknown,unverified,2026-08-09
MGR,True,True,True,CTCP Tập đoàn MGROUP,present_in_current_vnstock_listing,unknown,unverified,2026-08-09
MH3,True,True,True,CTCP Khu Công nghiệp Cao su Bình Long,present_in_current_vnstock_listing,unknown,unverified,2026-08-09
MHC,True,True,True,CTCP MHC,present_in_current_vnstock_listing,unknown,unverified,2026-08-09
MHL,True,True,True,CTCP Minh Hữu Liên,present_in_current_vnstock_listing,unknown,unverified,2026-08-09
MIC,True,True,True,CTCP Kỹ nghệ Khoáng sản Quảng Nam,present_in_current_vnstock_listing,unknown,unverified,2026-08-09
MIE,True,True,True,Tổng Công ty Máy và Thiết bị Công nghiệp - CTCP,present_in_current_vnstock_listing,unknown,unverified,2026-08-09
MIG,True,True,True,Tổng Công ty cổ phần Bảo hiểm Quân Đội,present_in_current_vnstock_listing,unknown,unverified,2026-08-09
MKP,True,True,True,CTCP Hoá - Dược phẩm Mekophar,present_in_current_vnstock_listing,unknown,unverified,2026-08-09
MKV,True,True,True,CTCP Dược thú Y Cai Lậy,present_in_current_vnstock_listing,unknown,unverified,2026-08-09
MLC,True,True,True,CTCP Môi trường Đô thị Tỉnh Lào Cai,present_in_current_vnstock_listing,unknown,unverified,2026-08-09
MLS,True,True,True,CTCP Chăn nuôi - Mitraco,present_in_current_vnstock_listing,unknown,unverified,2026-08-09
MML,True,True,True,CTCP Masan MeatLife,present_in_current_vnstock_listing,unknown,unverified,2026-08-09
MNB,True,True,True,Tổng Công ty May Nhà Bè - CTCP,present_in_current_vnstock_listing,unknown,unverified,2026-08-09
MND,True,True,True,CTCP Môi trường Nam Định,present_in_current_vnstock_listing,unknown,unverified,2026-08-09
MPC,True,True,True,CTCP Tập đoàn Thủy sản Minh Phú,present_in_current_vnstock_listing,unknown,unverified,2026-08-09
MPT,True,True,True,CTCP Tập đoàn MPT,present_in_current_vnstock_listing,unknown,unverified,2026-08-09
MPY,True,True,True,CTCP Môi trường Đô thị Phú Yên,present_in_current_vnstock_listing,unknown,unverified,2026-08-09
MQB,True,True,True,CTCP Môi trường và Phát triển Đô thị Quảng Bình,present_in_current_vnstock_listing,unknown,unverified,2026-08-09
MQN,True,True,True,CTCP Môi trường đô thị Quảng Ngãi,present_in_current_vnstock_listing,unknown,unverified,2026-08-09
MRF,True,True,True,CTCP Merufa,present_in_current_vnstock_listing,unknown,unverified,2026-08-09
MSB,True,True,True,Ngân hàng TMCP Hàng hải Việt Nam,present_in_current_vnstock_listing,unknown,unverified,2026-08-09
MSH,True,True,True,CTCP May Sông Hồng,present_in_current_vnstock_listing,unknown,unverified,2026-08-09
MSN,True,True,True,CTCP Tập đoàn Masan,present_in_current_vnstock_listing,unknown,unverified,2026-08-09
MSR,True,True,True,CTCP Masan High-Tech Materials,present_in_current_vnstock_listing,unknown,unverified,2026-08-09
MST,True,True,True,CTCP Đầu tư MST,present_in_current_vnstock_listing,unknown,unverified,2026-08-09
MTA,True,True,True,Tổng Công ty Khoáng sản và Thương mại Hà Tĩnh - CTCP,present_in_current_vnstock_listing,unknown,unverified,2026-08-09
MTB,True,True,True,CTCP Môi trường và Công trình Đô thị Thái Bình,present_in_current_vnstock_listing,unknown,unverified,2026-08-09
MTG,True,True,True,CTCP MT Gas,present_in_current_vnstock_listing,unknown,unverified,2026-08-09
MTH,True,True,True,CTCP Môi trường Đô thị Hà Đông,present_in_current_vnstock_listing,unknown,unverified,2026-08-09
MTL,True,True,True,CTCP Dịch vụ Môi trường Đô thị Từ Liêm,present_in_current_vnstock_listing,unknown,unverified,2026-08-09
MTP,True,True,True,CTCP Dược Medipharco,present_in_current_vnstock_listing,unknown,unverified,2026-08-09
MTS,True,True,True,CTCP Vật tư - TKV,present_in_current_vnstock_listing,unknown,unverified,2026-08-09
MTV,True,True,True,CTCP Dịch vụ Môi trường và Công trình Đô thị Vũng Tàu,present_in_current_vnstock_listing,unknown,unverified,2026-08-09
MVB,True,True,True,Tổng Công ty Công nghiệp mỏ Việt Bắc TKV - CTCP,present_in_current_vnstock_listing,unknown,unverified,2026-08-09
MVC,True,True,True,CTCP Vật liệu và Xây dựng Bình Dương,present_in_current_vnstock_listing,unknown,unverified,2026-08-09
MVN,True,True,True,Tổng Công ty Hàng hải Việt Nam - CTCP,present_in_current_vnstock_listing,unknown,unverified,2026-08-09
MWG,True,True,True,CTCP Đầu tư Thế giới Di động,present_in_current_vnstock_listing,unknown,unverified,2026-08-09
NAB,True,True,True,Ngân hàng TMCP Nam Á,present_in_current_vnstock_listing,unknown,unverified,2026-08-09
NAC,True,True,True,CTCP Tư vấn Xây dựng Tổng hợp,present_in_current_vnstock_listing,unknown,unverified,2026-08-09
NAF,True,True,True,CTCP Nafoods Group,present_in_current_vnstock_listing,unknown,unverified,2026-08-09
NAG,True,True,True,CTCP Tập đoàn Nagakawa,present_in_current_vnstock_listing,unknown,unverified,2026-08-09
NAP,True,True,True,CTCP Cảng Nghệ Tĩnh,present_in_current_vnstock_listing,unknown,unverified,2026-08-09
NAS,True,True,True,CTCP Dịch vụ Hàng không Sân bay Việt Nam,present_in_current_vnstock_listing,unknown,unverified,2026-08-09
NAU,True,True,True,CTCP Môi trường và Công trình Đô thị Nghệ An,present_in_current_vnstock_listing,unknown,unverified,2026-08-09
NAV,True,True,True,CTCP Nam Việt,present_in_current_vnstock_listing,unknown,unverified,2026-08-09
NAW,True,True,True,CTCP Cấp nước Nghệ An,present_in_current_vnstock_listing,unknown,unverified,2026-08-09
NBB,True,True,True,CTCP Đầu tư Năm Bảy Bảy,present_in_current_vnstock_listing,unknown,unverified,2026-08-09
NBC,True,True,True,CTCP Than Núi Béo - Vinacomin,present_in_current_vnstock_listing,unknown,unverified,2026-08-09
NBE,True,True,True,CTCP Sách và Thiết bị Giáo dục Miền Bắc,present_in_current_vnstock_listing,unknown,unverified,2026-08-09
NBP,True,True,True,CTCP Nhiệt điện Ninh Bình,present_in_current_vnstock_listing,unknown,unverified,2026-08-09
NBT,True,True,True,CTCP Cấp thoát nước Bến Tre,present_in_current_vnstock_listing,unknown,unverified,2026-08-09
NBW,True,True,True,CTCP Cấp nước Nhà Bè,present_in_current_vnstock_listing,unknown,unverified,2026-08-09
NCG,True,True,True,CTCP Đầu tư Anova Agri,present_in_current_vnstock_listing,unknown,unverified,2026-08-09
NCS,True,True,True,CTCP Suất ăn Hàng không Nội Bài,present_in_current_vnstock_listing,unknown,unverified,2026-08-09
NCT,True,True,True,CTCP Dịch vụ Hàng hóa Nội Bài,present_in_current_vnstock_listing,unknown,unverified,2026-08-09
ND2,True,True,True,CTCP Đầu tư và Phát triển Điện Miền Bắc 2,present_in_current_vnstock_listing,unknown,unverified,2026-08-09
NDC,True,True,True,CTCP Nam Dược,present_in_current_vnstock_listing,unknown,unverified,2026-08-09
NDF,True,True,True,CTCP Chế biến Thực phẩm Nông sản xuất khẩu Nam Định,present_in_current_vnstock_listing,unknown,unverified,2026-08-09
NDN,True,True,True,CTCP Đầu tư Phát triển Nhà Đà Nẵng,present_in_current_vnstock_listing,unknown,unverified,2026-08-09
NDP,True,True,True,CTCP Dược phẩm 2/9,present_in_current_vnstock_listing,unknown,unverified,2026-08-09
NDT,True,True,True,Tổng Công ty cổ phần Dệt May Nam Định,present_in_current_vnstock_listing,unknown,unverified,2026-08-09
NDW,True,True,True,CTCP Cấp nước Nam Định,present_in_current_vnstock_listing,unknown,unverified,2026-08-09
NDX,True,True,True,CTCP Xây lắp Phát triển Nhà Đà Nẵng,present_in_current_vnstock_listing,unknown,unverified,2026-08-09
NED,True,True,True,CTCP Đầu tư và Phát triển Điện Tây Bắc,present_in_current_vnstock_listing,unknown,unverified,2026-08-09
NET,True,True,True,CTCP Bột giặt NET,present_in_current_vnstock_listing,unknown,unverified,2026-08-09
NFC,True,True,True,CTCP Phân lân Ninh Bình,present_in_current_vnstock_listing,unknown,unverified,2026-08-09
NGC,True,True,True,CTCP Chế biến Thủy sản xuất khẩu Ngô Quyền,present_in_current_vnstock_listing,unknown,unverified,2026-08-09
NHA,True,True,True,Tổng Công ty Đầu tư Phát triển Nhà và Đô thị Nam Hà Nội,present_in_current_vnstock_listing,unknown,unverified,2026-08-09
NHC,True,True,True,CTCP Gạch ngói Nhị Hiệp,present_in_current_vnstock_listing,unknown,unverified,2026-08-09
NHD,True,True,True,CTCP Dược phẩm Nam Hà,present_in_current_vnstock_listing,unknown,unverified,2026-08-09
NHH,True,True,True,CTCP Nhựa Hà Nội,present_in_current_vnstock_listing,unknown,unverified,2026-08-09
NHT,True,True,True,CTCP Sản xuất và Thương mại Nam Hoa,present_in_current_vnstock_listing,unknown,unverified,2026-08-09
NHV,True,True,True,CTCP Sức Khỏe Hồi Sinh Việt Nam,present_in_current_vnstock_listing,unknown,unverified,2026-08-09
NJC,True,True,True,CTCP May Nam Định,present_in_current_vnstock_listing,unknown,unverified,2026-08-09
NKG,True,True,True,CTCP Thép Nam Kim,present_in_current_vnstock_listing,unknown,unverified,2026-08-09
NLG,True,True,True,CTCP Đầu tư Nam Long,present_in_current_vnstock_listing,unknown,unverified,2026-08-09
NLS,True,True,True,CTCP Cấp thoát nước Lạng Sơn,present_in_current_vnstock_listing,unknown,unverified,2026-08-09
NNC,True,True,True,CTCP Đá Núi Nhỏ,present_in_current_vnstock_listing,unknown,unverified,2026-08-09
NNT,True,True,True,CTCP Cấp nước Ninh Thuận,present_in_current_vnstock_listing,unknown,unverified,2026-08-09
NO1,True,True,True,CTCP Tập đoàn 911,present_in_current_vnstock_listing,unknown,unverified,2026-08-09
NOS,True,True,True,CTCP Vận tải biển và Thương mại Phương Đông,present_in_current_vnstock_listing,unknown,unverified,2026-08-09
NQB,True,True,True,CTCP Cấp nước Quảng Bình,present_in_current_vnstock_listing,unknown,unverified,2026-08-09
NQN,True,True,True,CTCP Nước sạch Quảng Ninh,present_in_current_vnstock_listing,unknown,unverified,2026-08-09
NRC,True,True,True,CTCP Tập đoàn Bất động sản Quốc gia,present_in_current_vnstock_listing,unknown,unverified,2026-08-09
NSC,True,True,True,CTCP Tập đoàn Giống cây trồng Việt Nam,present_in_current_vnstock_listing,unknown,unverified,2026-08-09
NSG,True,True,True,CTCP Nhựa Sài Gòn,present_in_current_vnstock_listing,unknown,unverified,2026-08-09
NSH,True,True,True,CTCP Tập Đoàn Nhôm Sông Hồng Shalumi,present_in_current_vnstock_listing,unknown,unverified,2026-08-09
NSL,True,True,True,CTCP Cấp nước Sơn La,present_in_current_vnstock_listing,unknown,unverified,2026-08-09
NSS,True,True,True,CTCP Nông Súc Sản Đồng Nai,present_in_current_vnstock_listing,unknown,unverified,2026-08-09
NST,True,True,True,CTCP Ngân Sơn,present_in_current_vnstock_listing,unknown,unverified,2026-08-09
NT2,True,True,True,CTCP Điện lực Dầu khí Nhơn Trạch 2,present_in_current_vnstock_listing,unknown,unverified,2026-08-09
NTC,True,True,True,CTCP Khu Công nghiệp Nam Tân Uyên,present_in_current_vnstock_listing,unknown,unverified,2026-08-09
NTF,True,True,True,CTCP Dược - Vật tư Y tế Nghệ An,present_in_current_vnstock_listing,unknown,unverified,2026-08-09
NTH,True,True,True,CTCP Thủy điện Nước Trong,present_in_current_vnstock_listing,unknown,unverified,2026-08-09
NTL,True,True,True,CTCP Phát triển Đô thị Từ Liêm,present_in_current_vnstock_listing,unknown,unverified,2026-08-09
NTP,True,True,True,CTCP Nhựa Thiếu niên Tiền Phong,present_in_current_vnstock_listing,unknown,unverified,2026-08-09
NTT,True,True,True,CTCP Dệt - May Nha Trang,present_in_current_vnstock_listing,unknown,unverified,2026-08-09
NTW,True,True,True,CTCP Cấp nước Nhơn Trạch,present_in_current_vnstock_listing,unknown,unverified,2026-08-09
NUE,True,True,True,CTCP Môi trường Đô thị Nha Trang,present_in_current_vnstock_listing,unknown,unverified,2026-08-09
NVB,True,True,True,Ngân hàng TMCP Quốc Dân,present_in_current_vnstock_listing,unknown,unverified,2026-08-09
NVL,True,True,True,CTCP Tập đoàn Đầu tư Địa ốc No Va ,present_in_current_vnstock_listing,unknown,unverified,2026-08-09
NVP,True,True,True,CTCP Nước sạch Vĩnh Phúc,present_in_current_vnstock_listing,unknown,unverified,2026-08-09
NVT,True,True,True,CTCP Bất động sản Du lịch Ninh Vân Bay,present_in_current_vnstock_listing,unknown,unverified,2026-08-09
NWT,True,True,True,CTCP Vận tải Newway,present_in_current_vnstock_listing,unknown,unverified,2026-08-09
NXT,True,True,True,CTCP Sản xuất và Cung ứng Vật liệu Xây dựng Kon Tum,present_in_current_vnstock_listing,unknown,unverified,2026-08-09
OCB,True,True,True,Ngân hàng TMCP Phương Đông,present_in_current_vnstock_listing,unknown,unverified,2026-08-09
OCH,True,True,True,CTCP One Capital Hospitality,present_in_current_vnstock_listing,unknown,unverified,2026-08-09
ODE,True,True,True,CTCP Tập đoàn Truyền thông và Giải trí ODE,present_in_current_vnstock_listing,unknown,unverified,2026-08-09
OGC,True,True,True,CTCP Tập đoàn Đại Dương,present_in_current_vnstock_listing,unknown,unverified,2026-08-09
OIL,True,True,True,Tổng Công ty Dầu Việt Nam - CTCP,present_in_current_vnstock_listing,unknown,unverified,2026-08-09
ONE,True,True,True,CTCP Công nghệ One,present_in_current_vnstock_listing,unknown,unverified,2026-08-09
ONW,True,True,True,CTCP Tập đoàn ONW,present_in_current_vnstock_listing,unknown,unverified,2026-08-09
OPC,True,True,True,CTCP Dược phẩm OPC,present_in_current_vnstock_listing,unknown,unverified,2026-08-09
ORS,True,True,True,CTCP Chứng khoán Tiên Phong,present_in_current_vnstock_listing,unknown,unverified,2026-08-09
PAC,True,True,True,CTCP Pin Ắc quy Miền Nam,present_in_current_vnstock_listing,unknown,unverified,2026-08-09
PAI,True,True,True,CTCP Công nghệ thông tin Viễn thông và Tự động hóa Dầu Khí,present_in_current_vnstock_listing,unknown,unverified,2026-08-09
PAN,True,True,True,CTCP Tập đoàn PAN,present_in_current_vnstock_listing,unknown,unverified,2026-08-09
PAP,True,True,True,CTCP Dầu khí Đầu tư Khai thác Cảng Phước An,present_in_current_vnstock_listing,unknown,unverified,2026-08-09
PAS,True,True,True,CTCP Quốc tế Phương Anh,present_in_current_vnstock_listing,unknown,unverified,2026-08-09
PAT,True,True,True,CTCP Phốt Pho Apatit Việt Nam,present_in_current_vnstock_listing,unknown,unverified,2026-08-09
PBC,True,True,True,CTCP Dược phẩm Trung ương I - Pharbaco,present_in_current_vnstock_listing,unknown,unverified,2026-08-09
PBP,True,True,True,CTCP Bao bì Dầu khí Việt Nam,present_in_current_vnstock_listing,unknown,unverified,2026-08-09
PBT,True,True,True,CTCP Bao bì và Thương mại dầu khí Bình Sơn,present_in_current_vnstock_listing,unknown,unverified,2026-08-09
PC1,True,True,True,CTCP Tập Đoàn PC1,present_in_current_vnstock_listing,unknown,unverified,2026-08-09
PCC,True,True,True,CTCP Tập đoàn Xây lắp 1 - Petrolimex,present_in_current_vnstock_listing,unknown,unverified,2026-08-09
PCE,True,True,True,CTCP Phân bón và Hóa chất Dầu khí Miền Trung,present_in_current_vnstock_listing,unknown,unverified,2026-08-09
PCF,True,True,True,CTCP Cà phê PETEC,present_in_current_vnstock_listing,unknown,unverified,2026-08-09
PCG,True,True,True,CTCP Đầu tư Phát triển Gas Đô thị,present_in_current_vnstock_listing,unknown,unverified,2026-08-09
PCH,True,True,True,CTCP Nhựa Picomat,present_in_current_vnstock_listing,unknown,unverified,2026-08-09
PCM,True,True,True,CTCP Vật liệu Xây dựng Bưu điện,present_in_current_vnstock_listing,unknown,unverified,2026-08-09
PCT,True,True,True,CTCP Vận tải biển Global Pacific,present_in_current_vnstock_listing,unknown,unverified,2026-08-09
PDB,True,True,True,CTCP Tập đoàn Đầu tư Din Capital,present_in_current_vnstock_listing,unknown,unverified,2026-08-09
PDC,True,True,True,CTCP Du lịch Dầu khí Phương Đông,present_in_current_vnstock_listing,unknown,unverified,2026-08-09
PDN,True,True,True,CTCP Cảng Đồng Nai,present_in_current_vnstock_listing,unknown,unverified,2026-08-09
PDR,True,True,True,CTCP Phát triển Bất động sản Phát Đạt,present_in_current_vnstock_listing,unknown,unverified,2026-08-09
PDV,True,True,True,CTCP Vận Tải Và Tiếp Vận Phương Đông Việt,present_in_current_vnstock_listing,unknown,unverified,2026-08-09
PEG,True,True,True,Tổng Công ty Thương mại Kỹ thuật và Đầu tư - CTCP,present_in_current_vnstock_listing,unknown,unverified,2026-08-09
PEN,True,True,True,CTCP Xây lắp III Petrolimex,present_in_current_vnstock_listing,unknown,unverified,2026-08-09
PEQ,True,True,True,CTCP Thiết bị Xăng dầu Petrolimex,present_in_current_vnstock_listing,unknown,unverified,2026-08-09
PET,True,True,True,Tổng Công ty cổ phần Dịch vụ Tổng hợp Dầu khí,present_in_current_vnstock_listing,unknown,unverified,2026-08-09
PFL,True,True,True,CTCP Dầu khí Đông Đô,present_in_current_vnstock_listing,unknown,unverified,2026-08-09
PGB,True,True,True,Ngân hàng TMCP Thịnh vượng và Phát triển,present_in_current_vnstock_listing,unknown,unverified,2026-08-09
PGC,True,True,True,Tổng Công ty Gas Petrolimex - CTCP,present_in_current_vnstock_listing,unknown,unverified,2026-08-09
PGD,True,True,True,CTCP Phân phối khí thấp áp Dầu khí Việt Nam,present_in_current_vnstock_listing,unknown,unverified,2026-08-09
PGI,True,True,True,Tổng Công ty cổ phần Bảo hiểm Petrolimex,present_in_current_vnstock_listing,unknown,unverified,2026-08-09
PGN,True,True,True,CTCP Phụ Gia Nhựa,present_in_current_vnstock_listing,unknown,unverified,2026-08-09
PGS,True,True,True,CTCP Kinh doanh Khí Miền Nam,present_in_current_vnstock_listing,unknown,unverified,2026-08-09
PGT,True,True,True,CTCP PGT Holdings,present_in_current_vnstock_listing,unknown,unverified,2026-08-09
PGV,True,True,True,Tổng Công ty Phát điện 3 - CTCP,present_in_current_vnstock_listing,unknown,unverified,2026-08-09
PHC,True,True,True,CTCP Xây dựng Phục Hưng Holdings,present_in_current_vnstock_listing,unknown,unverified,2026-08-09
PHH,True,True,True,CTCP Hồng Hà Việt Nam,present_in_current_vnstock_listing,unknown,unverified,2026-08-09
PHN,True,True,True,CTCP Pin Hà Nội,present_in_current_vnstock_listing,unknown,unverified,2026-08-09
PHP,True,True,True,CTCP Cảng Hải Phòng,present_in_current_vnstock_listing,unknown,unverified,2026-08-09
PHR,True,True,True,CTCP Cao su Phước Hòa,present_in_current_vnstock_listing,unknown,unverified,2026-08-09
PHS,True,True,True,CTCP Chứng khoán Phú Hưng,present_in_current_vnstock_listing,unknown,unverified,2026-08-09
PIA,True,True,True,CTCP Tin học Viễn thông Petrolimex,present_in_current_vnstock_listing,unknown,unverified,2026-08-09
PIC,True,True,True,CTCP Đầu tư Điện lực 3,present_in_current_vnstock_listing,unknown,unverified,2026-08-09
PID,True,True,True,CTCP Trang Trí Nội Thất Dầu khí,present_in_current_vnstock_listing,unknown,unverified,2026-08-09
PIS,True,True,True,Tổng Công ty Pisico Bình Định - CTCP,present_in_current_vnstock_listing,unknown,unverified,2026-08-09
PIT,True,True,True,CTCP Xuất nhập khẩu Petrolimex,present_in_current_vnstock_listing,unknown,unverified,2026-08-09
PIV,True,True,True,CTCP PIV,present_in_current_vnstock_listing,unknown,unverified,2026-08-09
PJC,True,True,True,CTCP Thương mại và Vận tải Petrolimex Hà Nội,present_in_current_vnstock_listing,unknown,unverified,2026-08-09
PJS,True,True,True,CTCP Cấp nước Phú Hòa Tân,present_in_current_vnstock_listing,unknown,unverified,2026-08-09
PJT,True,True,True,CTCP Vận tải Xăng dầu Đường Thủy Petrolimex,present_in_current_vnstock_listing,unknown,unverified,2026-08-09
PLA,True,True,True,CTCP Đầu tư và Dịch vụ Hạ tầng Xăng dầu,present_in_current_vnstock_listing,unknown,unverified,2026-08-09
PLC,True,True,True,Tổng Công ty Hóa dầu Petrolimex - CTCP,present_in_current_vnstock_listing,unknown,unverified,2026-08-09
PLE,True,True,True,CTCP Tư vấn Xây dựng Petrolimex,present_in_current_vnstock_listing,unknown,unverified,2026-08-09
PLO,True,True,True,CTCP Kho Vận Petec,present_in_current_vnstock_listing,unknown,unverified,2026-08-09
PLP,True,True,True,CTCP Sản xuất và Công nghệ Nhựa Pha Lê,present_in_current_vnstock_listing,unknown,unverified,2026-08-09
PLX,True,True,True,Tập đoàn Xăng Dầu Việt Nam,present_in_current_vnstock_listing,unknown,unverified,2026-08-09
PMB,True,True,True,CTCP Phân bón và Hóa chất Dầu khí Miền Bắc,present_in_current_vnstock_listing,unknown,unverified,2026-08-09
PMC,True,True,True,CTCP Dược phẩm Dược liệu Pharmedic,present_in_current_vnstock_listing,unknown,unverified,2026-08-09
PMG,True,True,True,CTCP Đầu tư và Sản xuất Petro Miền Trung,present_in_current_vnstock_listing,unknown,unverified,2026-08-09
PMJ,True,True,True,CTCP Vật tư Bưu Điện,present_in_current_vnstock_listing,unknown,unverified,2026-08-09
PMP,True,True,True,CTCP Bao bì đạm Phú Mỹ,present_in_current_vnstock_listing,unknown,unverified,2026-08-09
PMS,True,True,True,CTCP Cơ khí Xăng dầu,present_in_current_vnstock_listing,unknown,unverified,2026-08-09
PMT,True,True,True,CTCP Viễn thông TELVINA Việt Nam,present_in_current_vnstock_listing,unknown,unverified,2026-08-09
PMW,True,True,True,CTCP Cấp nước Phú Mỹ,present_in_current_vnstock_listing,unknown,unverified,2026-08-09
PNC,True,True,True,CTCP Văn hóa Phương Nam,present_in_current_vnstock_listing,unknown,unverified,2026-08-09
PND,True,True,True,CTCP Xăng dầu Dầu khí Nam Định,present_in_current_vnstock_listing,unknown,unverified,2026-08-09
PNG,True,True,True,CTCP Thương mại Phú Nhuận,present_in_current_vnstock_listing,unknown,unverified,2026-08-09
PNJ,True,True,True,CTCP Vàng bạc Đá quý Phú Nhuận,present_in_current_vnstock_listing,unknown,unverified,2026-08-09
PNP,True,True,True,CTCP Tân Cảng - Phú Hữu,present_in_current_vnstock_listing,unknown,unverified,2026-08-09
PNT,True,True,True,CTCP Kỹ thuật Xây dựng Phú Nhuận,present_in_current_vnstock_listing,unknown,unverified,2026-08-09
POB,True,True,True,CTCP Xăng dầu Dầu khí Hưng Yên,present_in_current_vnstock_listing,unknown,unverified,2026-08-09
POM,True,True,True,CTCP Thép Pomina,present_in_current_vnstock_listing,unknown,unverified,2026-08-09
POS,True,True,True,CTCP Vận hành và Xây lắp PTSC,present_in_current_vnstock_listing,unknown,unverified,2026-08-09
POT,True,True,True,CTCP Thiết bị Bưu điện,present_in_current_vnstock_listing,unknown,unverified,2026-08-09
POV,True,True,True,CTCP Xăng dầu Dầu khí Vũng Áng,present_in_current_vnstock_listing,unknown,unverified,2026-08-09
POW,True,True,True,Tổng Công ty Điện lực Dầu khí Việt Nam - CTCP,present_in_current_vnstock_listing,unknown,unverified,2026-08-09
PPC,True,True,True,CTCP Nhiệt điện Phả Lại,present_in_current_vnstock_listing,unknown,unverified,2026-08-09
PPE,True,True,True,CTCP Tư vấn đầu tư PP Enterprise,present_in_current_vnstock_listing,unknown,unverified,2026-08-09
PPH,True,True,True,Tổng Công ty cổ phần Phong Phú,present_in_current_vnstock_listing,unknown,unverified,2026-08-09
PPI,True,True,True,CTCP Đầu tư và Phát triển Dự án Hạ tầng Thái Bình Dương,present_in_current_vnstock_listing,unknown,unverified,2026-08-09
PPP,True,True,True,CTCP Dược phẩm Phong Phú,present_in_current_vnstock_listing,unknown,unverified,2026-08-09
PPS,True,True,True,CTCP Dịch vụ Kỹ thuật Điện lực Dầu khí Việt Nam,present_in_current_vnstock_listing,unknown,unverified,2026-08-09
PPT,True,True,True,CTCP Petro Times,present_in_current_vnstock_listing,unknown,unverified,2026-08-09
PPY,True,True,True,CTCP Xăng dầu Dầu khí Phú Yên,present_in_current_vnstock_listing,unknown,unverified,2026-08-09
PQN,True,True,True,CTCP Dịch vụ Dầu khí Quảng Ngãi PTSC,present_in_current_vnstock_listing,unknown,unverified,2026-08-09
PRC,True,True,True,CTCP Logistics Portserco,present_in_current_vnstock_listing,unknown,unverified,2026-08-09
PRE,True,True,True,Tổng Công ty cổ phần Tái bảo hiểm Hà Nội,present_in_current_vnstock_listing,unknown,unverified,2026-08-09
PRO,True,True,True,CTCP Procimex Việt Nam,present_in_current_vnstock_listing,unknown,unverified,2026-08-09
PRT,True,True,True,Tổng Công ty Sản xuất - Xuất nhập khẩu Bình Dương - CTCP,present_in_current_vnstock_listing,unknown,unverified,2026-08-09
PSB,True,True,True,CTCP Cảng Kỹ thuật PTSC Sao Mai,present_in_current_vnstock_listing,unknown,unverified,2026-08-09
PSC,True,True,True,CTCP Vận tải và Dịch vụ Petrolimex Sài Gòn,present_in_current_vnstock_listing,unknown,unverified,2026-08-09
PSD,True,True,True,CTCP Dịch vụ Phân phối Tổng hợp Dầu khí,present_in_current_vnstock_listing,unknown,unverified,2026-08-09
PSE,True,True,True,CTCP Phân Bón và Hóa Chất Dầu khí Đông Nam Bộ,present_in_current_vnstock_listing,unknown,unverified,2026-08-09
PSH,True,True,True,CTCP Thương mại Đầu tư Dầu khí Nam Sông Hậu,present_in_current_vnstock_listing,unknown,unverified,2026-08-09
PSI,True,True,True,CTCP Chứng khoán Dầu khí,present_in_current_vnstock_listing,unknown,unverified,2026-08-09
PSL,True,True,True,CTCP Chăn nuôi Phú Sơn,present_in_current_vnstock_listing,unknown,unverified,2026-08-09
PSN,True,True,True,CTCP Dịch Vụ Kỹ Thuật PTSC Thanh Hóa,present_in_current_vnstock_listing,unknown,unverified,2026-08-09
PSP,True,True,True,CTCP Cảng Dịch vụ Dầu khí Đình Vũ,present_in_current_vnstock_listing,unknown,unverified,2026-08-09
PSW,True,True,True,CTCP Phân bón và Hóa chất Dầu khí Tây Nam Bộ,present_in_current_vnstock_listing,unknown,unverified,2026-08-09
PTB,True,True,True,CTCP Phú Tài,present_in_current_vnstock_listing,unknown,unverified,2026-08-09
PTC,True,True,True,CTCP Đầu Tư Icapital,present_in_current_vnstock_listing,unknown,unverified,2026-08-09
PTD,True,True,True,CTCP Thiết kế Xây dựng Thương mại Phúc Thịnh,present_in_current_vnstock_listing,unknown,unverified,2026-08-09
PTE,True,True,True,CTCP Xi măng Phú Thọ,present_in_current_vnstock_listing,unknown,unverified,2026-08-09
PTG,True,True,True,CTCP May Xuất khẩu Phan Thiết,present_in_current_vnstock_listing,unknown,unverified,2026-08-09
PTH,True,True,True,CTCP Vận tải và Dịch vụ Petrolimex Hà Tây,present_in_current_vnstock_listing,unknown,unverified,2026-08-09
PTI,True,True,True,Tổng Công ty cổ phần Bảo hiểm Bưu điện,present_in_current_vnstock_listing,unknown,unverified,2026-08-09
PTL,True,True,True,CTCP Victory Group,present_in_current_vnstock_listing,unknown,unverified,2026-08-09
PTM,True,True,True,CTCP Sản xuất Thương mại và Dịch vụ Ô tô PTM,present_in_current_vnstock_listing,unknown,unverified,2026-08-09
PTO,True,True,True,CTCP Dịch vụ - Xây dựng Công trình Bưu Điện,present_in_current_vnstock_listing,unknown,unverified,2026-08-09
PTP,True,True,True,CTCP PTP,present_in_current_vnstock_listing,unknown,unverified,2026-08-09
PTS,True,True,True,CTCP Vận tải và Dịch vụ Petrolimex Hải Phòng,present_in_current_vnstock_listing,unknown,unverified,2026-08-09
PTT,True,True,True,CTCP Vận tải Dầu khí Đông Dương,present_in_current_vnstock_listing,unknown,unverified,2026-08-09
PTV,True,True,True,CTCP Thương mại Dầu khí,present_in_current_vnstock_listing,unknown,unverified,2026-08-09
PTX,True,True,True,CTCP Vận tải và Dịch vụ Petrolimex Nghệ Tĩnh,present_in_current_vnstock_listing,unknown,unverified,2026-08-09
PV2,True,True,True,CTCP Genea Capital,present_in_current_vnstock_listing,unknown,unverified,2026-08-09
PVB,True,True,True,CTCP Bọc ống Dầu khí Việt Nam,present_in_current_vnstock_listing,unknown,unverified,2026-08-09
PVC,True,True,True,Tổng Công ty Hóa chất và Dịch vụ Dầu khí - CTCP,present_in_current_vnstock_listing,unknown,unverified,2026-08-09
PVD,True,True,True,Tổng Công ty cổ phần Khoan và Dịch vụ khoan Dầu khí,present_in_current_vnstock_listing,unknown,unverified,2026-08-09
PVE,True,True,True,Tổng Công ty Tư vấn thiết kế Dầu khí - CTCP,present_in_current_vnstock_listing,unknown,unverified,2026-08-09
PVG,True,True,True,CTCP Kinh doanh LPG Việt Nam,present_in_current_vnstock_listing,unknown,unverified,2026-08-09
PVH,True,True,True,CTCP Xây lắp Dầu khí Thanh Hóa,present_in_current_vnstock_listing,unknown,unverified,2026-08-09
PVI,True,True,True,CTCP PVI,present_in_current_vnstock_listing,unknown,unverified,2026-08-09
PVL,True,True,True,CTCP Địa ốc Dầu khí,present_in_current_vnstock_listing,unknown,unverified,2026-08-09
PVM,True,True,True,CTCP Máy - Thiết bị Dầu khí,present_in_current_vnstock_listing,unknown,unverified,2026-08-09
PVO,True,True,True,CTCP Dầu nhờn PV Oil,present_in_current_vnstock_listing,unknown,unverified,2026-08-09
PVP,True,True,True,CTCP Vận tải Dầu khí Thái Bình Dương,present_in_current_vnstock_listing,unknown,unverified,2026-08-09
PVR,True,True,True,CTCP Đầu tư PVR Hà Nội,present_in_current_vnstock_listing,unknown,unverified,2026-08-09
PVS,True,True,True,Tổng Công ty cổ phần Dịch vụ Kỹ thuật Dầu khí Việt Nam,present_in_current_vnstock_listing,unknown,unverified,2026-08-09
PVT,True,True,True,Tổng Công ty cổ phần Vận tải Dầu khí,present_in_current_vnstock_listing,unknown,unverified,2026-08-09
PVV,True,True,True,CTCP Vinaconex 39,present_in_current_vnstock_listing,unknown,unverified,2026-08-09
PVX,True,True,True,Tổng Công ty cổ phần Xây lắp Dầu khí Việt Nam,present_in_current_vnstock_listing,unknown,unverified,2026-08-09
PVY,True,True,True,CTCP Chế tạo Giàn khoan Dầu khí,present_in_current_vnstock_listing,unknown,unverified,2026-08-09
PWA,True,True,True,CTCP Bất động sản Dầu khí,present_in_current_vnstock_listing,unknown,unverified,2026-08-09
PWS,True,True,True,CTCP Cấp thoát nước Phú Yên,present_in_current_vnstock_listing,unknown,unverified,2026-08-09
PXA,True,True,True,CTCP Đầu tư và Thương mại Dầu khí Nghệ An,present_in_current_vnstock_listing,unknown,unverified,2026-08-09
PXI,True,True,True,CTCP Xây dựng Công nghiệp và Dân dụng Dầu khí,present_in_current_vnstock_listing,unknown,unverified,2026-08-09
PXL,True,True,True,CTCP Đầu tư Khu Công nghiệp Dầu khí Long Sơn,present_in_current_vnstock_listing,unknown,unverified,2026-08-09
PXM,True,True,True,CTCP Xây lắp Dầu khí Miền Trung,present_in_current_vnstock_listing,unknown,unverified,2026-08-09
PXS,True,True,True,CTCP Kết cấu Kim loại và Lắp máy Dầu khí,present_in_current_vnstock_listing,unknown,unverified,2026-08-09
PXT,True,True,True,CTCP Xây lắp Đường ống Bể chứa Dầu khí,present_in_current_vnstock_listing,unknown,unverified,2026-08-09
QBS,True,True,True,CTCP Xuất nhập khẩu Quảng Bình,present_in_current_vnstock_listing,unknown,unverified,2026-08-09
QCC,True,True,True,CTCP Đầu tư Xây dựng và Phát triển Hạ tầng Viễn thông,present_in_current_vnstock_listing,unknown,unverified,2026-08-09
QCG,True,True,True,CTCP Quốc Cường Gia Lai,present_in_current_vnstock_listing,unknown,unverified,2026-08-09
QHD,True,True,True,CTCP Que hàn điện Việt Đức,present_in_current_vnstock_listing,unknown,unverified,2026-08-09
QHW,True,True,True,CTCP Nước khoáng Quảng Ninh,present_in_current_vnstock_listing,unknown,unverified,2026-08-09
QNC,True,True,True,CTCP Xi măng và Xây dựng Quảng Ninh,present_in_current_vnstock_listing,unknown,unverified,2026-08-09
QNP,True,True,True,CTCP Cảng Quy Nhơn,present_in_current_vnstock_listing,unknown,unverified,2026-08-09
QNS,True,True,True,CTCP Đường Quảng Ngãi,present_in_current_vnstock_listing,unknown,unverified,2026-08-09
QNT,True,True,True,CTCP Tư vấn và Đầu tư Phát triển Quảng Nam,present_in_current_vnstock_listing,unknown,unverified,2026-08-09
QNU,True,True,True,CTCP Môi trường Đô thị Quảng Nam,present_in_current_vnstock_listing,unknown,unverified,2026-08-09
QNW,True,True,True,CTCP Cấp thoát nước và Xây dựng Quảng Ngãi,present_in_current_vnstock_listing,unknown,unverified,2026-08-09
QPH,True,True,True,CTCP Thủy điện Quế Phong,present_in_current_vnstock_listing,unknown,unverified,2026-08-09
QSP,True,True,True,CTCP Tân Cảng Quy Nhơn,present_in_current_vnstock_listing,unknown,unverified,2026-08-09
QST,True,True,True,CTCP Sách và Thiết bị Trường học Quảng Ninh,present_in_current_vnstock_listing,unknown,unverified,2026-08-09
QTC,True,True,True,CTCP Công trình Giao thông Vận tải Quảng Nam,present_in_current_vnstock_listing,unknown,unverified,2026-08-09
QTP,True,True,True,CTCP Nhiệt điện Quảng Ninh,present_in_current_vnstock_listing,unknown,unverified,2026-08-09
RAL,True,True,True,CTCP Bóng đèn Phích nước Rạng Đông,present_in_current_vnstock_listing,unknown,unverified,2026-08-09
RAT,True,True,True,CTCP Vận tải và Thương mại Đường sắt,present_in_current_vnstock_listing,unknown,unverified,2026-08-09
RBC,True,True,True,CTCP Công nghiệp và Xuất nhập khẩu Cao su,present_in_current_vnstock_listing,unknown,unverified,2026-08-09
RCC,True,True,True,CTCP Tổng Công ty Công trình Đường sắt Việt Nam,present_in_current_vnstock_listing,unknown,unverified,2026-08-09
RCD,True,True,True,CTCP Xây dựng - Địa ốc Cao su,present_in_current_vnstock_listing,unknown,unverified,2026-08-09
RCL,True,True,True,CTCP Địa ốc Chợ Lớn,present_in_current_vnstock_listing,unknown,unverified,2026-08-09
RDP,True,True,False,,absent_from_current_listing_unverified,unknown,unverified,2026-08-09
REE,True,True,True,CTCP Cơ Điện Lạnh,present_in_current_vnstock_listing,unknown,unverified,2026-08-09
RGG,True,True,True,CTCP Regal Group,present_in_current_vnstock_listing,unknown,unverified,2026-08-09
RIC,True,True,True,CTCP Quốc tế Hoàng Gia,present_in_current_vnstock_listing,unknown,unverified,2026-08-09
RTB,True,True,True,CTCP Cao su Tân Biên,present_in_current_vnstock_listing,unknown,unverified,2026-08-09
RYG,True,True,True,CTCP Sản xuất và Đầu tư Hoàng Gia,present_in_current_vnstock_listing,unknown,unverified,2026-08-09
S12,True,True,True,CTCP Sông Đà 12,present_in_current_vnstock_listing,unknown,unverified,2026-08-09
S4A,True,True,True,CTCP Thủy điện Sê San 4A,present_in_current_vnstock_listing,unknown,unverified,2026-08-09
S55,True,True,True,CTCP Sông Đà 505,present_in_current_vnstock_listing,unknown,unverified,2026-08-09
S72,True,True,True,CTCP Sông Đà 7.02,present_in_current_vnstock_listing,unknown,unverified,2026-08-09
S74,True,True,True,CTCP Sông Đà 7.04,present_in_current_vnstock_listing,unknown,unverified,2026-08-09
S99,True,True,True,CTCP SCI,present_in_current_vnstock_listing,unknown,unverified,2026-08-09
SAB,True,True,True,Tổng Công ty cổ phần Bia - Rượu - Nước giải khát Sài Gòn,present_in_current_vnstock_listing,unknown,unverified,2026-08-09
SAC,True,True,True,CTCP Xếp dỡ và Dịch vụ Cảng Sài Gòn,present_in_current_vnstock_listing,unknown,unverified,2026-08-09
SAF,True,True,True,CTCP Lương thực Thực phẩm Safoco,present_in_current_vnstock_listing,unknown,unverified,2026-08-09
SAL,True,True,True,CTCP Trục vớt Cứu hộ Việt Nam,present_in_current_vnstock_listing,unknown,unverified,2026-08-09
SAM,True,True,True,CTCP SAM Holdings,present_in_current_vnstock_listing,unknown,unverified,2026-08-09
SAS,True,True,True,CTCP Dịch vụ Hàng không Sân bay Tân Sơn Nhất,present_in_current_vnstock_listing,unknown,unverified,2026-08-09
SAV,True,True,True,CTCP Hợp tác Kinh tế và Xuất nhập khẩu Savimex,present_in_current_vnstock_listing,unknown,unverified,2026-08-09
SB1,True,True,True,CTCP Bia Sài Gòn - Nghệ Tĩnh,present_in_current_vnstock_listing,unknown,unverified,2026-08-09
SBA,True,True,True,CTCP Sông Ba,present_in_current_vnstock_listing,unknown,unverified,2026-08-09
SBB,True,True,True,CTCP Tập đoàn Bia Sài Gòn - Bình Tây,present_in_current_vnstock_listing,unknown,unverified,2026-08-09
SBD,True,True,True,CTCP Công nghệ Sao Bắc Đẩu,present_in_current_vnstock_listing,unknown,unverified,2026-08-09
SBG,True,True,True,CTCP Tập đoàn Cơ khí Công nghệ cao Siba,present_in_current_vnstock_listing,unknown,unverified,2026-08-09
SBH,True,True,True,CTCP Thủy điện Sông Ba Hạ,present_in_current_vnstock_listing,unknown,unverified,2026-08-09
SBL,True,True,True,CTCP Bia Sài Gòn - Bạc Liêu,present_in_current_vnstock_listing,unknown,unverified,2026-08-09
SBM,True,True,True,CTCP Đầu tư Phát triển Bắc Minh,present_in_current_vnstock_listing,unknown,unverified,2026-08-09
SBR,True,True,True,CTCP Cao su Sông Bé,present_in_current_vnstock_listing,unknown,unverified,2026-08-09
SBS,True,True,True,CTCP Chứng khoán SBS,present_in_current_vnstock_listing,unknown,unverified,2026-08-09
SBT,True,True,True,CTCP Thành Thành Công - Biên Hòa,present_in_current_vnstock_listing,unknown,unverified,2026-08-09
SBV,True,True,True,CTCP Siam Brothers Việt Nam,present_in_current_vnstock_listing,unknown,unverified,2026-08-09
SC5,True,True,True,CTCP Xây dựng Số 5,present_in_current_vnstock_listing,unknown,unverified,2026-08-09
SCC,True,True,True,CTCP Thương mại Đầu tư SHB,present_in_current_vnstock_listing,unknown,unverified,2026-08-09
SCD,True,True,True,CTCP Nước giải khát Chương Dương,present_in_current_vnstock_listing,unknown,unverified,2026-08-09
SCG,True,True,True,CTCP Tập đoàn Xây dựng SCG,present_in_current_vnstock_listing,unknown,unverified,2026-08-09
SCI,True,True,True,CTCP SCI E&C,present_in_current_vnstock_listing,unknown,unverified,2026-08-09
SCJ,True,True,True,CTCP Xi măng Sài Sơn,present_in_current_vnstock_listing,unknown,unverified,2026-08-09
SCL,True,True,True,CTCP Sông Đà Cao Cường,present_in_current_vnstock_listing,unknown,unverified,2026-08-09
SCO,True,True,True,CTCP Công nghiệp Thủy sản,present_in_current_vnstock_listing,unknown,unverified,2026-08-09
SCR,True,True,True,CTCP Địa ốc Sài Gòn Thương Tín,present_in_current_vnstock_listing,unknown,unverified,2026-08-09
SCS,True,True,True,CTCP Dịch vụ Hàng hóa Sài Gòn,present_in_current_vnstock_listing,unknown,unverified,2026-08-09
SD2,True,True,True,CTCP Sông Đà 2,present_in_current_vnstock_listing,unknown,unverified,2026-08-09
SD3,True,True,True,CTCP Sông Đà 3,present_in_current_vnstock_listing,unknown,unverified,2026-08-09
SD4,True,True,True,CTCP Sông Đà 4,present_in_current_vnstock_listing,unknown,unverified,2026-08-09
SD5,True,True,True,CTCP Sông Đà 5,present_in_current_vnstock_listing,unknown,unverified,2026-08-09
SD6,True,True,True,CTCP Sông Đà 6,present_in_current_vnstock_listing,unknown,unverified,2026-08-09
SD7,True,True,True,CTCP Sông Đà 7,present_in_current_vnstock_listing,unknown,unverified,2026-08-09
SD8,True,True,True,CTCP Sông Đà 8,present_in_current_vnstock_listing,unknown,unverified,2026-08-09
SD9,True,True,True,CTCP Sông Đà 9,present_in_current_vnstock_listing,unknown,unverified,2026-08-09
SDA,True,True,True,CTCP Simco Sông Đà,present_in_current_vnstock_listing,unknown,unverified,2026-08-09
SDC,True,True,True,CTCP Tư vấn Sông Đà,present_in_current_vnstock_listing,unknown,unverified,2026-08-09
SDD,True,True,True,CTCP Đầu tư và Xây lắp Sông Đà,present_in_current_vnstock_listing,unknown,unverified,2026-08-09
SDG,True,True,True,CTCP Sadico Cần Thơ,present_in_current_vnstock_listing,unknown,unverified,2026-08-09
SDK,True,True,True,CTCP Cơ khí Luyện kim,present_in_current_vnstock_listing,unknown,unverified,2026-08-09
SDN,True,True,True,CTCP Sơn Đồng Nai,present_in_current_vnstock_listing,unknown,unverified,2026-08-09
SDP,True,True,True,CTCP SDP,present_in_current_vnstock_listing,unknown,unverified,2026-08-09
SDT,True,True,True,CTCP Sông Đà 10,present_in_current_vnstock_listing,unknown,unverified,2026-08-09
SDU,True,True,True,CTCP Đầu tư Xây dựng và Phát triển Đô thị Sông Đà,present_in_current_vnstock_listing,unknown,unverified,2026-08-09
SDV,True,True,True,CTCP Dịch vụ Sonadezi,present_in_current_vnstock_listing,unknown,unverified,2026-08-09
SDY,True,True,True,CTCP Xi măng Sông Đà Yaly,present_in_current_vnstock_listing,unknown,unverified,2026-08-09
SEA,True,True,True,Tổng Công ty Thủy sản Việt Nam - CTCP,present_in_current_vnstock_listing,unknown,unverified,2026-08-09
SEB,True,True,True,CTCP Đầu tư và Phát triển Điện Miền Trung,present_in_current_vnstock_listing,unknown,unverified,2026-08-09
SED,True,True,True,CTCP Đầu tư và Phát triển Giáo dục Phương Nam,present_in_current_vnstock_listing,unknown,unverified,2026-08-09
SEP,True,True,True,CTCP Tổng Công ty Thương mại Quảng Trị,present_in_current_vnstock_listing,unknown,unverified,2026-08-09
SFC,True,True,True,CTCP Nhiên liệu Sài Gòn,present_in_current_vnstock_listing,unknown,unverified,2026-08-09
SFG,True,True,True,CTCP Phân Bón Miền Nam,present_in_current_vnstock_listing,unknown,unverified,2026-08-09
SFI,True,True,True,CTCP Đại lý Vận tải SAFI,present_in_current_vnstock_listing,unknown,unverified,2026-08-09
SFN,True,True,True,CTCP Dệt lưới Sài Gòn,present_in_current_vnstock_listing,unknown,unverified,2026-08-09
SGB,True,True,True,Ngân hàng TMCP Sài Gòn Công Thương,present_in_current_vnstock_listing,unknown,unverified,2026-08-09
SGC,True,True,True,CTCP Xuất nhập khẩu Sa Giang,present_in_current_vnstock_listing,unknown,unverified,2026-08-09
SGD,True,True,True,CTCP Sách Giáo dục tại Thành phố Hồ Chí Minh,present_in_current_vnstock_listing,unknown,unverified,2026-08-09
SGH,True,True,True,CTCP Khách sạn Sài Gòn,present_in_current_vnstock_listing,unknown,unverified,2026-08-09
SGI,True,True,True,CTCP Đầu tư SGI Holdings,present_in_current_vnstock_listing,unknown,unverified,2026-08-09
SGN,True,True,True,CTCP Phục vụ Mặt đất Sài Gòn,present_in_current_vnstock_listing,unknown,unverified,2026-08-09
SGP,True,True,True,CTCP Cảng Sài Gòn,present_in_current_vnstock_listing,unknown,unverified,2026-08-09
SGR,True,True,True,CTCP Tổng CTCP Địa ốc Sài Gòn,present_in_current_vnstock_listing,unknown,unverified,2026-08-09
SGS,True,True,True,CTCP Vận tải biển Sài Gòn,present_in_current_vnstock_listing,unknown,unverified,2026-08-09
SGT,True,True,True,CTCP Công nghệ Viễn Thông Sài Gòn,present_in_current_vnstock_listing,unknown,unverified,2026-08-09
SHA,True,True,True,CTCP Sơn Hà Sài Gòn,present_in_current_vnstock_listing,unknown,unverified,2026-08-09
SHB,True,True,True,Ngân hàng TMCP Sài Gòn - Hà Nội,present_in_current_vnstock_listing,unknown,unverified,2026-08-09
SHC,True,True,True,CTCP Hàng hải Sài Gòn,present_in_current_vnstock_listing,unknown,unverified,2026-08-09
SHE,True,True,True,CTCP Phát triển Năng lượng Sơn Hà,present_in_current_vnstock_listing,unknown,unverified,2026-08-09
SHI,True,True,True,CTCP Quốc tế Sơn Hà,present_in_current_vnstock_listing,unknown,unverified,2026-08-09
SHN,True,True,True,CTCP Đầu tư Tổng hợp Hà Nội,present_in_current_vnstock_listing,unknown,unverified,2026-08-09
SHP,True,True,True,CTCP Thủy điện Miền Nam,present_in_current_vnstock_listing,unknown,unverified,2026-08-09
SHS,True,True,True,CTCP Chứng khoán Sài Gòn - Hà Nội,present_in_current_vnstock_listing,unknown,unverified,2026-08-09
SID,True,True,True,CTCP Đầu tư Phát triển Sài Gòn Co.op,present_in_current_vnstock_listing,unknown,unverified,2026-08-09
SIG,True,True,True,CTCP Đầu tư và Thương mại Sông Đà,present_in_current_vnstock_listing,unknown,unverified,2026-08-09
SII,True,True,True,CTCP Hạ tầng Nước Sài Gòn,present_in_current_vnstock_listing,unknown,unverified,2026-08-09
SIP,True,True,True,CTCP Đầu tư Sài Gòn VRG,present_in_current_vnstock_listing,unknown,unverified,2026-08-09
SIV,True,True,True,CTCP SIVICO,present_in_current_vnstock_listing,unknown,unverified,2026-08-09
SJ1,True,True,True,CTCP Nông nghiệp Hùng Hậu,present_in_current_vnstock_listing,unknown,unverified,2026-08-09
SJD,True,True,True,CTCP Thủy điện Cần Đơn,present_in_current_vnstock_listing,unknown,unverified,2026-08-09
SJE,True,True,True,CTCP Sông Đà 11,present_in_current_vnstock_listing,unknown,unverified,2026-08-09
SJF,True,True,True,CTCP Đầu tư Sao Thái Dương,present_in_current_vnstock_listing,unknown,unverified,2026-08-09
SJG,True,True,True,Tổng Công ty Sông Đà - CTCP,present_in_current_vnstock_listing,unknown,unverified,2026-08-09
SJM,True,True,True,CTCP Sunspace Holdings,present_in_current_vnstock_listing,unknown,unverified,2026-08-09
SJS,True,True,True,CTCP SJ Group,present_in_current_vnstock_listing,unknown,unverified,2026-08-09
SKG,True,True,True,CTCP Tàu cao tốc Superdong - Kiên Giang,present_in_current_vnstock_listing,unknown,unverified,2026-08-09
SKH,True,True,True,CTCP Nước giải khát Sanest Khánh Hòa,present_in_current_vnstock_listing,unknown,unverified,2026-08-09
SKN,True,True,True,CTCP Nước giải khát Sanna Khánh Hòa,present_in_current_vnstock_listing,unknown,unverified,2026-08-09
SKV,True,True,True,CTCP Nước giải khát Yến sào Khánh Hòa,present_in_current_vnstock_listing,unknown,unverified,2026-08-09
SLD,True,True,True,CTCP Địa ốc Sacom,present_in_current_vnstock_listing,unknown,unverified,2026-08-09
SLS,True,True,True,CTCP Mía Đường Sơn La,present_in_current_vnstock_listing,unknown,unverified,2026-08-09
SMA,True,True,True,CTCP Thiết bị Phụ tùng Sài Gòn,present_in_current_vnstock_listing,unknown,unverified,2026-08-09
SMB,True,True,True,CTCP Bia Sài Gòn - Miền Trung,present_in_current_vnstock_listing,unknown,unverified,2026-08-09
SMC,True,True,True,CTCP Đầu tư Thương mại SMC,present_in_current_vnstock_listing,unknown,unverified,2026-08-09
SMN,True,True,True,CTCP Sách và Thiết bị Giáo dục Miền Nam,present_in_current_vnstock_listing,unknown,unverified,2026-08-09
SMT,True,True,True,CTCP Sametel,present_in_current_vnstock_listing,unknown,unverified,2026-08-09
SNC,True,True,True,CTCP Xuất nhập khẩu Thủy sản Năm Căn,present_in_current_vnstock_listing,unknown,unverified,2026-08-09
SNZ,True,True,True,Tổng Công ty cổ phần Phát triển Khu Công nghiệp,present_in_current_vnstock_listing,unknown,unverified,2026-08-09
SP2,True,True,True,CTCP Thủy điện Sử Pán 2,present_in_current_vnstock_listing,unknown,unverified,2026-08-09
SPB,True,True,True,CTCP Sợi Phú Bài,present_in_current_vnstock_listing,unknown,unverified,2026-08-09
SPC,True,True,True,CTCP Bảo vệ Thực vật Sài Gòn,present_in_current_vnstock_listing,unknown,unverified,2026-08-09
SPD,True,True,True,CTCP Xuất nhập khẩu Thủy sản Miền Trung,present_in_current_vnstock_listing,unknown,unverified,2026-08-09
SPH,True,True,True,CTCP Xuất nhập khẩu Thủy sản Hà Nội,present_in_current_vnstock_listing,unknown,unverified,2026-08-09
SPI,True,True,True,CTCP Spiral Galaxy,present_in_current_vnstock_listing,unknown,unverified,2026-08-09
SPM,True,True,True,CTCP SPM,present_in_current_vnstock_listing,unknown,unverified,2026-08-09
SPV,True,True,True,CTCP Thủy Đặc sản,present_in_current_vnstock_listing,unknown,unverified,2026-08-09
SRA,True,True,True,CTCP Sara Việt Nam,present_in_current_vnstock_listing,unknown,unverified,2026-08-09
SRB,True,True,True,CTCP Tập đoàn Sara,present_in_current_vnstock_listing,unknown,unverified,2026-08-09
SRC,True,True,True,CTCP Cao su Sao Vàng,present_in_current_vnstock_listing,unknown,unverified,2026-08-09
SRF,True,True,True,CTCP SEAREFICO,present_in_current_vnstock_listing,unknown,unverified,2026-08-09
SSB,True,True,True,Ngân hàng TMCP Đông Nam Á,present_in_current_vnstock_listing,unknown,unverified,2026-08-09
SSC,True,True,True,CTCP Giống cây trồng Miền Nam,present_in_current_vnstock_listing,unknown,unverified,2026-08-09
SSF,True,True,False,,absent_from_current_listing_unverified,unknown,unverified,2026-08-09
SSG,True,True,True,CTCP Vận tải biển Hải Âu,present_in_current_vnstock_listing,unknown,unverified,2026-08-09
SSH,True,True,True,CTCP Phát triển Sunshine Homes,present_in_current_vnstock_listing,unknown,unverified,2026-08-09
SSI,True,True,True,CTCP Chứng khoán SSI,present_in_current_vnstock_listing,unknown,unverified,2026-08-09
SSM,True,True,True,CTCP Chế tạo kết cấu Thép Vneco.SSM,present_in_current_vnstock_listing,unknown,unverified,2026-08-09
SSN,True,True,False,,absent_from_current_listing_unverified,unknown,unverified,2026-08-09
ST8,True,True,True,CTCP Tập đoàn ST8,present_in_current_vnstock_listing,unknown,unverified,2026-08-09
STB,True,True,True,Ngân hàng TMCP Sài Gòn Tài Lộc,present_in_current_vnstock_listing,unknown,unverified,2026-08-09
STC,True,True,True,CTCP Sách và Thiết bị Trường học Thành phố Hồ Chí Minh,present_in_current_vnstock_listing,unknown,unverified,2026-08-09
STD,True,True,True,CTCP Bia - Nước giải khát Sài Gòn - Tây Đô,present_in_current_vnstock_listing,unknown,unverified,2026-08-09
STG,True,True,True,CTCP Kho vận Miền Nam,present_in_current_vnstock_listing,unknown,unverified,2026-08-09
STH,True,True,True,CTCP STH Holdings,present_in_current_vnstock_listing,unknown,unverified,2026-08-09
STK,True,True,True,CTCP Sợi Thế Kỷ,present_in_current_vnstock_listing,unknown,unverified,2026-08-09
STL,True,True,False,,absent_from_current_listing_unverified,unknown,unverified,2026-08-09
STP,True,True,True,CTCP Công nghiệp Thương mại Sông Đà,present_in_current_vnstock_listing,unknown,unverified,2026-08-09
STS,True,True,True,CTCP Dịch vụ Vận tải Sài Gòn,present_in_current_vnstock_listing,unknown,unverified,2026-08-09
STT,True,True,True,CTCP Vận chuyển Sài Gòn Tourist,present_in_current_vnstock_listing,unknown,unverified,2026-08-09
STW,True,True,True,CTCP Cấp nước Sóc Trăng,present_in_current_vnstock_listing,unknown,unverified,2026-08-09
SVC,True,True,True,CTCP Dịch vụ Tổng hợp Sài Gòn,present_in_current_vnstock_listing,unknown,unverified,2026-08-09
SVD,True,True,True,CTCP Đầu tư & Thương mại Vũ Đăng,present_in_current_vnstock_listing,unknown,unverified,2026-08-09
SVG,True,True,True,CTCP Hơi Kỹ nghệ Que hàn,present_in_current_vnstock_listing,unknown,unverified,2026-08-09
SVH,True,True,True,CTCP Thủy điện Sông Vàng,present_in_current_vnstock_listing,unknown,unverified,2026-08-09
SVN,True,True,True,CTCP Tập đoàn Vexilla Việt Nam,present_in_current_vnstock_listing,unknown,unverified,2026-08-09
SVT,True,True,True,CTCP Công nghệ Sài Gòn Viễn Đông,present_in_current_vnstock_listing,unknown,unverified,2026-08-09
SWC,True,True,True,Tổng Công ty cổ phần Đường sông Miền Nam,present_in_current_vnstock_listing,unknown,unverified,2026-08-09
SZB,True,True,True,CTCP Sonadezi Long Bình,present_in_current_vnstock_listing,unknown,unverified,2026-08-09
SZC,True,True,True,CTCP Sonadezi Châu Đức,present_in_current_vnstock_listing,unknown,unverified,2026-08-09
SZE,True,True,True,CTCP Môi trường Sonadezi,present_in_current_vnstock_listing,unknown,unverified,2026-08-09
SZG,True,True,True,CTCP Sonadezi Giang Điền,present_in_current_vnstock_listing,unknown,unverified,2026-08-09
SZL,True,True,True,CTCP Sonadezi Long Thành,present_in_current_vnstock_listing,unknown,unverified,2026-08-09
TA6,True,True,True,CTCP Đầu tư và Xây lắp Thành An 665,present_in_current_vnstock_listing,unknown,unverified,2026-08-09
TA9,True,True,True,CTCP Xây lắp Thành An 96,present_in_current_vnstock_listing,unknown,unverified,2026-08-09
TAB,True,True,True,CTCP Freco Việt Nam,present_in_current_vnstock_listing,unknown,unverified,2026-08-09
TAL,True,True,True,CTCP Đầu tư Bất động sản Taseco,present_in_current_vnstock_listing,unknown,unverified,2026-08-09
TAN,True,True,False,,absent_from_current_listing_unverified,unknown,unverified,2026-08-09
TAR,True,True,True,CTCP Nông nghiệp Công nghệ cao Trung An,present_in_current_vnstock_listing,unknown,unverified,2026-08-09
TAW,True,True,True,CTCP Cấp nước Trung An,present_in_current_vnstock_listing,unknown,unverified,2026-08-09
TBC,True,True,True,CTCP Thủy điện Thác Bà,present_in_current_vnstock_listing,unknown,unverified,2026-08-09
TBD,True,True,True,Tổng Công ty Thiết bị Điện Đông Anh - CTCP,present_in_current_vnstock_listing,unknown,unverified,2026-08-09
TBR,True,True,True,CTCP Địa ốc Tân Bình,present_in_current_vnstock_listing,unknown,unverified,2026-08-09
TBW,True,True,True,CTCP Nước sạch Thái Bình,present_in_current_vnstock_listing,unknown,unverified,2026-08-09
TCB,True,True,True,Ngân hàng TMCP Kỹ thương Việt Nam,present_in_current_vnstock_listing,unknown,unverified,2026-08-09
TCD,True,True,True,CTCP Tập đoàn Xây dựng TRACODI,present_in_current_vnstock_listing,unknown,unverified,2026-08-09
TCH,True,True,True,CTCP Đầu tư Dịch vụ Tài chính Hoàng Huy,present_in_current_vnstock_listing,unknown,unverified,2026-08-09
TCI,True,True,True,CTCP Chứng khoán Thành Công,present_in_current_vnstock_listing,unknown,unverified,2026-08-09
TCJ,True,True,True,CTCP Tô Châu,present_in_current_vnstock_listing,unknown,unverified,2026-08-09
TCK,True,True,True,Tổng Công ty Cơ khí Xây dựng - CTCP,present_in_current_vnstock_listing,unknown,unverified,2026-08-09
TCL,True,True,True,CTCP Đại lý Giao nhận Vận tải Xếp dỡ Tân Cảng,present_in_current_vnstock_listing,unknown,unverified,2026-08-09
TCM,True,True,True,CTCP Dệt may - Đầu tư - Thương mại Thành Công,present_in_current_vnstock_listing,unknown,unverified,2026-08-09
TCO,True,True,True,CTCP Janus Group,present_in_current_vnstock_listing,unknown,unverified,2026-08-09
TCR,True,True,True,CTCP Công nghiệp Gốm sứ Taicera,present_in_current_vnstock_listing,unknown,unverified,2026-08-09
TCT,True,True,True,CTCP Cáp treo Núi Bà Tây Ninh,present_in_current_vnstock_listing,unknown,unverified,2026-08-09
TCW,True,True,True,CTCP Kho Vận Tân Cảng,present_in_current_vnstock_listing,unknown,unverified,2026-08-09
TCX,True,True,True,CTCP Chứng khoán Kỹ Thương,present_in_current_vnstock_listing,unknown,unverified,2026-08-09
TD6,True,True,True,CTCP Than Đèo Nai - Cọc Sáu - TKV,present_in_current_vnstock_listing,unknown,unverified,2026-08-09
TDB,True,True,True,CTCP Thủy điện Định Bình,present_in_current_vnstock_listing,unknown,unverified,2026-08-09
TDC,True,True,True,CTCP Kinh doanh và Phát triển Bình Dương,present_in_current_vnstock_listing,unknown,unverified,2026-08-09
TDF,True,True,True,CTCP Trung Đô,present_in_current_vnstock_listing,unknown,unverified,2026-08-09
TDG,True,True,True,CTCP Đầu tư TDG Global,present_in_current_vnstock_listing,unknown,unverified,2026-08-09
TDH,True,True,True,CTCP Phát triển Nhà Thủ Đức,present_in_current_vnstock_listing,unknown,unverified,2026-08-09
TDM,True,True,True,CTCP Nước Thủ Dầu Một,present_in_current_vnstock_listing,unknown,unverified,2026-08-09
TDP,True,True,True,CTCP Thuận Đức,present_in_current_vnstock_listing,unknown,unverified,2026-08-09
TDS,True,True,True,CTCP Thép Thủ Đức - VNSTEEL,present_in_current_vnstock_listing,unknown,unverified,2026-08-09
TDT,True,True,True,CTCP Đầu tư và Phát triển TDT,present_in_current_vnstock_listing,unknown,unverified,2026-08-09
TDW,True,True,True,CTCP Cấp nước Thủ Đức,present_in_current_vnstock_listing,unknown,unverified,2026-08-09
TED,True,True,True,Tổng công ty Tư vấn thiết kế Giao thông vận tải - CТСР,present_in_current_vnstock_listing,unknown,unverified,2026-08-09
TEG,True,True,True,CTCP Trường Thành Energy Group,present_in_current_vnstock_listing,unknown,unverified,2026-08-09
TET,True,True,True,CTCP Bất động sản Pristie,present_in_current_vnstock_listing,unknown,unverified,2026-08-09
TFC,True,True,True,CTCP Trang,present_in_current_vnstock_listing,unknown,unverified,2026-08-09
TGG,True,True,True,CTCP The Golden Group,present_in_current_vnstock_listing,unknown,unverified,2026-08-09
TGP,True,True,True,CTCP Trường Phú,present_in_current_vnstock_listing,unknown,unverified,2026-08-09
TH1,True,True,True,CTCP Xuất nhập khẩu Tổng hợp I Việt Nam,present_in_current_vnstock_listing,unknown,unverified,2026-08-09
THB,True,True,True,CTCP Bia Hà Nội - Thanh Hóa,present_in_current_vnstock_listing,unknown,unverified,2026-08-09
THD,True,True,True,CTCP Thaiholdings,present_in_current_vnstock_listing,unknown,unverified,2026-08-09
THG,True,True,True,CTCP Đầu tư và Xây dựng Tiền Giang,present_in_current_vnstock_listing,unknown,unverified,2026-08-09
THM,True,True,True,CTCP Tứ Hải Hà Nam,present_in_current_vnstock_listing,unknown,unverified,2026-08-09
THN,True,True,True,CTCP Cấp nước Thanh Hóa,present_in_current_vnstock_listing,unknown,unverified,2026-08-09
THP,True,True,True,CTCP Thủy sản và Thương mại Thuận Phước,present_in_current_vnstock_listing,unknown,unverified,2026-08-09
THS,True,True,True,CTCP Thanh Hoa - Sông Đà,present_in_current_vnstock_listing,unknown,unverified,2026-08-09
THT,True,True,True,CTCP Than Hà Tu - Vinacomin,present_in_current_vnstock_listing,unknown,unverified,2026-08-09
THU,True,True,True,CTCP Môi trường và Công trình Đô thị Thanh Hóa,present_in_current_vnstock_listing,unknown,unverified,2026-08-09
THW,True,True,True,CTCP Cấp nước Tân Hòa,present_in_current_vnstock_listing,unknown,unverified,2026-08-09
TID,True,True,True,CTCP Tổng Công ty Tín Nghĩa,present_in_current_vnstock_listing,unknown,unverified,2026-08-09
TIE,True,True,True,CTCP TIE,present_in_current_vnstock_listing,unknown,unverified,2026-08-09
TIG,True,True,True,CTCP Tập đoàn Đầu tư Thăng Long,present_in_current_vnstock_listing,unknown,unverified,2026-08-09
TIN,True,True,True,Công Ty Tài chính tổng hợp cổ phần Tín Việt,present_in_current_vnstock_listing,unknown,unverified,2026-08-09
TIP,True,True,True,CTCP Phát triển Khu Công nghiệp Tín Nghĩa,present_in_current_vnstock_listing,unknown,unverified,2026-08-09
TIS,True,True,True,CTCP Gang thép Thái Nguyên,present_in_current_vnstock_listing,unknown,unverified,2026-08-09
TIX,True,True,True,CTCP Sản xuất Kinh doanh Xuất nhập khẩu Dịch vụ và Đầu tư Tân Bình,present_in_current_vnstock_listing,unknown,unverified,2026-08-09
TJC,True,True,True,CTCP Dịch vụ Vận tải và Thương mại,present_in_current_vnstock_listing,unknown,unverified,2026-08-09
TKA,True,True,True,CTCP Bao bì Tân Khánh An,present_in_current_vnstock_listing,unknown,unverified,2026-08-09
TKU,True,True,True,CTCP Công nghiệp Tung Kuang,present_in_current_vnstock_listing,unknown,unverified,2026-08-09
TL4,True,True,True,Tổng Công ty cổ phần Xây dựng Thủy Lợi 4 - CTCP,present_in_current_vnstock_listing,unknown,unverified,2026-08-09
TLD,True,True,True,CTCP Đầu tư Xây dựng và Phát triển Đô thị Thăng Long,present_in_current_vnstock_listing,unknown,unverified,2026-08-09
TLG,True,True,True,CTCP Tập đoàn Thiên Long,present_in_current_vnstock_listing,unknown,unverified,2026-08-09
TLH,True,True,True,CTCP Tập đoàn Thép Tiến Lên,present_in_current_vnstock_listing,unknown,unverified,2026-08-09
TLP,True,True,True,Tổng Công ty Thương mại Xuất nhập khẩu Thanh Lễ - CTCP,present_in_current_vnstock_listing,unknown,unverified,2026-08-09
TMB,True,True,True,CTCP Kinh doanh Than Miền Bắc - Vinacomin,present_in_current_vnstock_listing,unknown,unverified,2026-08-09
TMC,True,True,True,CTCP Thương mại Xuất nhập khẩu Thủ Đức,present_in_current_vnstock_listing,unknown,unverified,2026-08-09
TMG,True,True,True,CTCP Kim loại màu Thái Nguyên - Vimico,present_in_current_vnstock_listing,unknown,unverified,2026-08-09
TMP,True,True,True,CTCP Thủy điện Thác Mơ,present_in_current_vnstock_listing,unknown,unverified,2026-08-09
TMS,True,True,True,CTCP Transimex,present_in_current_vnstock_listing,unknown,unverified,2026-08-09
TMT,True,True,True,CTCP Ô tô TMT,present_in_current_vnstock_listing,unknown,unverified,2026-08-09
TMW,True,True,True,CTCP Tổng hợp Gỗ Tân Mai,present_in_current_vnstock_listing,unknown,unverified,2026-08-09
TMX,True,True,True,CTCP VICEM Thương mại Xi măng,present_in_current_vnstock_listing,unknown,unverified,2026-08-09
TN1,True,True,True,CTCP Rox Key Holdings,present_in_current_vnstock_listing,unknown,unverified,2026-08-09
TNA,True,True,True,CTCP Thương mại Xuất nhập khẩu Thiên Nam,present_in_current_vnstock_listing,unknown,unverified,2026-08-09
TNB,True,True,True,CTCP Thép Nhà Bè - VNSTEEL,present_in_current_vnstock_listing,unknown,unverified,2026-08-09
TNC,True,True,True,CTCP Cao su Thống Nhất,present_in_current_vnstock_listing,unknown,unverified,2026-08-09
TNG,True,True,True,CTCP Đầu tư và Thương mại TNG,present_in_current_vnstock_listing,unknown,unverified,2026-08-09
TNH,True,True,True,CTCP Tập đoàn Bệnh viện TNH,present_in_current_vnstock_listing,unknown,unverified,2026-08-09
TNI,True,True,True,CTCP Tập đoàn Thành Nam,present_in_current_vnstock_listing,unknown,unverified,2026-08-09
TNP,True,True,True,CTCP Cảng Thị Nại,present_in_current_vnstock_listing,unknown,unverified,2026-08-09
TNS,True,True,True,CTCP Thép tấm lá Thống Nhất,present_in_current_vnstock_listing,unknown,unverified,2026-08-09
TNT,True,True,True,CTCP Tập đoàn TNT,present_in_current_vnstock_listing,unknown,unverified,2026-08-09
TNW,True,True,True,CTCP Nước sạch Thái Nguyên,present_in_current_vnstock_listing,unknown,unverified,2026-08-09
TOP,True,True,True,CTCP Phân phối Top One,present_in_current_vnstock_listing,unknown,unverified,2026-08-09
TOS,True,True,True,CTCP Dịch vụ biển Tân Cảng,present_in_current_vnstock_listing,unknown,unverified,2026-08-09
TOT,True,True,True,CTCP Transimex Logistics,present_in_current_vnstock_listing,unknown,unverified,2026-08-09
TOW,True,True,True,CTCP Cấp nước Trà Nóc - Ô Môn,present_in_current_vnstock_listing,unknown,unverified,2026-08-09
TPB,True,True,True,Ngân hàng TMCP Tiên Phong,present_in_current_vnstock_listing,unknown,unverified,2026-08-09
TPC,True,True,True,CTCP Nhựa Tân Đại Hưng,present_in_current_vnstock_listing,unknown,unverified,2026-08-09
TPP,True,True,True,CTCP Tân Phú Việt Nam,present_in_current_vnstock_listing,unknown,unverified,2026-08-09
TPS,True,True,True,CTCP Bến Bãi Vận tải Sài Gòn,present_in_current_vnstock_listing,unknown,unverified,2026-08-09
TQW,True,True,True,CTCP Cấp thoát nước Tuyên Quang,present_in_current_vnstock_listing,unknown,unverified,2026-08-09
TR1,True,True,True,CTCP Vận Tải 1 Traco,present_in_current_vnstock_listing,unknown,unverified,2026-08-09
TRA,True,True,True,CTCP Traphaco,present_in_current_vnstock_listing,unknown,unverified,2026-08-09
TRC,True,True,True,CTCP Cao su Tây Ninh,present_in_current_vnstock_listing,unknown,unverified,2026-08-09
TRS,True,True,True,CTCP Vận tải và Dịch vụ Hàng hải,present_in_current_vnstock_listing,unknown,unverified,2026-08-09
TRT,True,True,True,CTCP RedstarCera,present_in_current_vnstock_listing,unknown,unverified,2026-08-09
TRV,True,True,True,CTCP Vận tải Đường sắt,present_in_current_vnstock_listing,unknown,unverified,2026-08-09
TS3,True,True,True,CTCP Trường Sơn 532,present_in_current_vnstock_listing,unknown,unverified,2026-08-09
TSA,True,True,True,CTCP Đầu tư và Xây lắp Trường Sơn,present_in_current_vnstock_listing,unknown,unverified,2026-08-09
TSB,True,True,True,CTCP Ắc quy Tia Sáng,present_in_current_vnstock_listing,unknown,unverified,2026-08-09
TSC,True,True,True,CTCP Vật tư Kỹ thuật nông nghiệp Cần Thơ,present_in_current_vnstock_listing,unknown,unverified,2026-08-09
TSD,True,True,True,CTCP Du lịch Trường Sơn COECCO,present_in_current_vnstock_listing,unknown,unverified,2026-08-09
TSG,True,True,True,CTCP Thông tin Tín hiệu Đường sắt Sài Gòn,present_in_current_vnstock_listing,unknown,unverified,2026-08-09
TSJ,True,True,True,CTCP Du lịch Dịch vụ Hà Nội,present_in_current_vnstock_listing,unknown,unverified,2026-08-09
TST,True,True,True,CTCP Dịch vụ Kỹ Thuật Viễn thông,present_in_current_vnstock_listing,unknown,unverified,2026-08-09
TT6,True,True,True,CTCP Tập đoàn Tiến Thịnh,present_in_current_vnstock_listing,unknown,unverified,2026-08-09
TTA,True,True,True,CTCP Đầu tư Xây dựng và Phát triển Trường Thành,present_in_current_vnstock_listing,unknown,unverified,2026-08-09
TTB,True,True,True,CTCP TTBGroup,present_in_current_vnstock_listing,unknown,unverified,2026-08-09
TTC,True,True,True,CTCP Gạch men Thanh Thanh,present_in_current_vnstock_listing,unknown,unverified,2026-08-09
TTD,True,True,True,CTCP Bệnh viện tim Tâm Đức,present_in_current_vnstock_listing,unknown,unverified,2026-08-09
TTE,True,True,True,CTCP Đầu tư Năng lượng Trường Thịnh,present_in_current_vnstock_listing,unknown,unverified,2026-08-09
TTF,True,True,True,CTCP Tập đoàn Kỹ nghệ gỗ Trường Thành,present_in_current_vnstock_listing,unknown,unverified,2026-08-09
TTG,True,True,True,CTCP Royal Healthtech TTG ,present_in_current_vnstock_listing,unknown,unverified,2026-08-09
TTH,True,True,True,CTCP Thương mại và Dịch vụ Tiến Thành,present_in_current_vnstock_listing,unknown,unverified,2026-08-09
TTL,True,True,True,Tổng Công ty Thăng Long - CTCP,present_in_current_vnstock_listing,unknown,unverified,2026-08-09
TTN,True,True,True,CTCP Công nghệ và Truyền thông Việt Nam,present_in_current_vnstock_listing,unknown,unverified,2026-08-09
TTS,True,True,True,CTCP Cán Thép Thái Trung,present_in_current_vnstock_listing,unknown,unverified,2026-08-09
TTT,True,True,True,CTCP Du lịch - Thương mại Tây Ninh,present_in_current_vnstock_listing,unknown,unverified,2026-08-09
TTZ,True,True,True,CTCP Đầu tư Xây dựng và Công nghệ Tiến Trung,present_in_current_vnstock_listing,unknown,unverified,2026-08-09
TUG,True,True,True,CTCP Lai Dắt và Vận tải Cảng Hải Phòng,present_in_current_vnstock_listing,unknown,unverified,2026-08-09
TV1,True,True,True,CTCP Tư vấn Xây dựng Điện 1,present_in_current_vnstock_listing,unknown,unverified,2026-08-09
TV2,True,True,True,CTCP Tư vấn Xây dựng Điện 2,present_in_current_vnstock_listing,unknown,unverified,2026-08-09
TV3,True,True,True,CTCP Tư vấn Xây dựng Điện 3,present_in_current_vnstock_listing,unknown,unverified,2026-08-09
TV4,True,True,True,CTCP Tư vấn Xây dựng Điện 4,present_in_current_vnstock_listing,unknown,unverified,2026-08-09
TV6,True,True,True,CTCP Tập đoàn EMA Land,present_in_current_vnstock_listing,unknown,unverified,2026-08-09
TVA,True,True,True,CTCP Sứ Viglacera Thanh Trì,present_in_current_vnstock_listing,unknown,unverified,2026-08-09
TVB,True,True,True,CTCP Chứng khoán T-Cap,present_in_current_vnstock_listing,unknown,unverified,2026-08-09
TVC,True,True,True,CTCP Tập đoàn Quản lý tài sản T-Corp,present_in_current_vnstock_listing,unknown,unverified,2026-08-09
TVD,True,True,True,CTCP Than Vàng Danh - Vinacomin,present_in_current_vnstock_listing,unknown,unverified,2026-08-09
TVG,True,True,True,CTCP Tư vấn Đầu tư và Xây dựng Giao thông Vận tải,present_in_current_vnstock_listing,unknown,unverified,2026-08-09
TVH,True,True,True,CTCP Tư vấn Xây dựng công trình Hàng hải,present_in_current_vnstock_listing,unknown,unverified,2026-08-09
TVM,True,True,True,CTCP Tư vấn Đầu tư mỏ và Công Nghiệp - Vinacomin,present_in_current_vnstock_listing,unknown,unverified,2026-08-09
TVN,True,True,True,Tổng Công ty Thép Việt Nam - CTCP,present_in_current_vnstock_listing,unknown,unverified,2026-08-09
TVS,True,True,True,CTCP Chứng khoán Thiên Việt,present_in_current_vnstock_listing,unknown,unverified,2026-08-09
TVT,True,True,True,Tổng Công ty Việt Thắng - CTCP,present_in_current_vnstock_listing,unknown,unverified,2026-08-09
TW3,True,True,True,CTCP Dược Trung ương 3,present_in_current_vnstock_listing,unknown,unverified,2026-08-09
TXM,True,True,True,CTCP VICEM Thạch cao Xi măng,present_in_current_vnstock_listing,unknown,unverified,2026-08-09
TYA,True,True,True,CTCP Dây và Cáp Điện Taya Việt Nam,present_in_current_vnstock_listing,unknown,unverified,2026-08-09
UCT,True,True,True,CTCP Đô thị Cần Thơ,present_in_current_vnstock_listing,unknown,unverified,2026-08-09
UDC,True,True,True,CTCP Đầu tư Xây dựng UDCons,present_in_current_vnstock_listing,unknown,unverified,2026-08-09
UDJ,True,True,True,CTCP Phát triển Đô thị,present_in_current_vnstock_listing,unknown,unverified,2026-08-09
UDL,True,True,True,CTCP Đô thị và Môi trường Đắk Lắk,present_in_current_vnstock_listing,unknown,unverified,2026-08-09
UEM,True,True,True,CTCP Cơ điện Uông Bí - Vinacomin,present_in_current_vnstock_listing,unknown,unverified,2026-08-09
UIC,True,True,True,CTCP Đầu tư Phát triển Nhà và Đô thị IDICO,present_in_current_vnstock_listing,unknown,unverified,2026-08-09
UMC,True,True,True,CTCP Công trình Đô thị Nam Định,present_in_current_vnstock_listing,unknown,unverified,2026-08-09
UNI,True,True,True,CTCP Đầu Tư Và Phát Triển Sao Mai Việt,present_in_current_vnstock_listing,unknown,unverified,2026-08-09
UPC,True,True,True,CTCP Phát triển Công viên Cây xanh và Đô thị Vũng Tàu,present_in_current_vnstock_listing,unknown,unverified,2026-08-09
UPH,True,True,True,CTCP Dược phẩm TW 25,present_in_current_vnstock_listing,unknown,unverified,2026-08-09
UPS,True,True,True,CTCP Chứng khoán UP,present_in_current_vnstock_listing,unknown,unverified,2026-08-09
USC,True,True,True,CTCP Khảo sát và Xây dựng -USCO,present_in_current_vnstock_listing,unknown,unverified,2026-08-09
USD,True,True,True,CTCP Công trình Đô thị Sóc Trăng,present_in_current_vnstock_listing,unknown,unverified,2026-08-09
UTT,True,False,True,CTCP Môi trường Nam Thành,present_in_current_vnstock_listing,unknown,unverified,2026-08-09
UXC,True,True,True,CTCP Chế biến Thủy sản Út Xi,present_in_current_vnstock_listing,unknown,unverified,2026-08-09
V12,True,True,True,CTCP Xây dựng Số 12,present_in_current_vnstock_listing,unknown,unverified,2026-08-09
V21,True,True,True,CTCP Vinaconex 21,present_in_current_vnstock_listing,unknown,unverified,2026-08-09
VAB,True,True,True,Ngân hàng TMCP Việt Á,present_in_current_vnstock_listing,unknown,unverified,2026-08-09
VAF,True,True,True,CTCP Phân lân Nung chảy Văn Điển,present_in_current_vnstock_listing,unknown,unverified,2026-08-09
VAV,True,True,True,CTCP VIWACO,present_in_current_vnstock_listing,unknown,unverified,2026-08-09
VBB,True,True,True,Ngân hàng TMCP Việt Nam Thương Tín,present_in_current_vnstock_listing,unknown,unverified,2026-08-09
VBC,True,True,True,CTCP Nhựa - Bao bì Vinh,present_in_current_vnstock_listing,unknown,unverified,2026-08-09
VBG,True,True,True,CTCP Địa chất Việt Bắc - TKV,present_in_current_vnstock_listing,unknown,unverified,2026-08-09
VBH,True,True,True,CTCP Điện tử Bình Hòa,present_in_current_vnstock_listing,unknown,unverified,2026-08-09
VBT,True,True,True,CTCP Vận tải Bảo Thắng,present_in_current_vnstock_listing,unknown,unverified,2026-08-09
VC1,True,True,True,CTCP Xây dựng Số 1,present_in_current_vnstock_listing,unknown,unverified,2026-08-09
VC2,True,True,True,CTCP Đầu tư và Xây dựng Vina2,present_in_current_vnstock_listing,unknown,unverified,2026-08-09
VC3,True,True,True,CTCP Tập đoàn Nam Mê Kông,present_in_current_vnstock_listing,unknown,unverified,2026-08-09
VC6,True,True,True,CTCP Xây dựng và Đầu tư Visicons,present_in_current_vnstock_listing,unknown,unverified,2026-08-09
VC7,True,True,True,CTCP Tập đoàn BGI,present_in_current_vnstock_listing,unknown,unverified,2026-08-09
VC9,True,True,True,CTCP Xây dựng số 9 - VC9,present_in_current_vnstock_listing,unknown,unverified,2026-08-09
VCA,True,True,True,CTCP Thép VICASA,present_in_current_vnstock_listing,unknown,unverified,2026-08-09
VCB,True,True,True,Ngân hàng TMCP Ngoại thương Việt Nam,present_in_current_vnstock_listing,unknown,unverified,2026-08-09
VCC,True,True,True,CTCP Vinaconex 25,present_in_current_vnstock_listing,unknown,unverified,2026-08-09
VCE,True,True,True,CTCP Xây lắp Môi trường,present_in_current_vnstock_listing,unknown,unverified,2026-08-09
VCF,True,True,True,CTCP Vinacafé Biên Hòa,present_in_current_vnstock_listing,unknown,unverified,2026-08-09
VCG,True,True,True,Tổng Công ty cổ phần Xuất nhập khẩu và Xây dựng Việt Nam,present_in_current_vnstock_listing,unknown,unverified,2026-08-09
VCI,True,True,True,CTCP Chứng khoán Vietcap,present_in_current_vnstock_listing,unknown,unverified,2026-08-09
VCK,True,True,True,CTCP Chứng khoán VPS,present_in_current_vnstock_listing,unknown,unverified,2026-08-09
VCM,True,True,True,CTCP BV Life,present_in_current_vnstock_listing,unknown,unverified,2026-08-09
VCP,True,True,True,CTCP Xây Dựng Và Năng Lượng VCP,present_in_current_vnstock_listing,unknown,unverified,2026-08-09
VCR,True,True,True,CTCP Đầu tư và Phát triển Du lịch ITC,present_in_current_vnstock_listing,unknown,unverified,2026-08-09
VCS,True,True,True,CTCP Vicostone,present_in_current_vnstock_listing,unknown,unverified,2026-08-09
VCT,True,True,True,CTCP Tư vấn Xây dựng Vinaconex,present_in_current_vnstock_listing,unknown,unverified,2026-08-09
VCX,True,True,True,CTCP Xi măng Yên Bình,present_in_current_vnstock_listing,unknown,unverified,2026-08-09
VDB,True,True,True,CTCP Vận tải và Chế biến Than Đông Bắc,present_in_current_vnstock_listing,unknown,unverified,2026-08-09
VDG,True,True,True,CTCP Vạn Đạt Group,present_in_current_vnstock_listing,unknown,unverified,2026-08-09
VDL,True,True,True,CTCP Thực phẩm Lâm Đồng,present_in_current_vnstock_listing,unknown,unverified,2026-08-09
VDN,True,True,True,CTCP Vinatex Đà Nẵng,present_in_current_vnstock_listing,unknown,unverified,2026-08-09
VDP,True,True,True,CTCP Dược phẩm Trung ương VIDIPHA,present_in_current_vnstock_listing,unknown,unverified,2026-08-09
VDS,True,True,True,CTCP Chứng khoán Rồng Việt,present_in_current_vnstock_listing,unknown,unverified,2026-08-09
VDT,True,True,True,CTCP Lưới thép Bình Tây,present_in_current_vnstock_listing,unknown,unverified,2026-08-09
VE1,True,True,True,CTCP Xây dựng Điện VNECO 1,present_in_current_vnstock_listing,unknown,unverified,2026-08-09
VE2,True,True,False,,absent_from_current_listing_unverified,unknown,unverified,2026-08-09
VE3,True,True,True,CTCP Xây dựng Điện VNECO 3,present_in_current_vnstock_listing,unknown,unverified,2026-08-09
VE4,True,True,True,CTCP Xây dựng Điện VNECO4,present_in_current_vnstock_listing,unknown,unverified,2026-08-09
VE8,True,True,True,CTCP Xây dựng Điện VNECO 8,present_in_current_vnstock_listing,unknown,unverified,2026-08-09
VE9,True,True,True,CTCP Đầu tư và Xây dựng VNECO 9,present_in_current_vnstock_listing,unknown,unverified,2026-08-09
VEA,True,True,True,Tổng Công ty Máy động lực và Máy nông nghiệp Việt Nam – CTCP,present_in_current_vnstock_listing,unknown,unverified,2026-08-09
VEC,True,True,True,Tổng Công ty cổ phần Điện tử và Tin học Việt Nam,present_in_current_vnstock_listing,unknown,unverified,2026-08-09
VEF,True,True,True,CTCP Trung tâm Hội chợ Triển lãm Việt Nam,present_in_current_vnstock_listing,unknown,unverified,2026-08-09
VES,True,True,True,CTCP Tập đoàn VinaLiving,present_in_current_vnstock_listing,unknown,unverified,2026-08-09
VET,True,True,True,CTCP Thuốc thú y Trung ương Navetco,present_in_current_vnstock_listing,unknown,unverified,2026-08-09
VFC,True,True,True,CTCP Vinafco,present_in_current_vnstock_listing,unknown,unverified,2026-08-09
VFG,True,True,True,CTCP Khử trùng Việt Nam,present_in_current_vnstock_listing,unknown,unverified,2026-08-09
VFR,True,True,True,CTCP Vận tải và Thuê tàu,present_in_current_vnstock_listing,unknown,unverified,2026-08-09
VFS,True,True,True,CTCP Chứng khoán Nhất Việt,present_in_current_vnstock_listing,unknown,unverified,2026-08-09
VGC,True,True,True,Tổng Công ty Viglacera - CTCP,present_in_current_vnstock_listing,unknown,unverified,2026-08-09
VGG,True,True,True,Tổng Công ty cổ phần May Việt Tiến,present_in_current_vnstock_listing,unknown,unverified,2026-08-09
VGI,True,True,True,Tổng Công ty cổ phần Đầu tư Quốc tế Viettel,present_in_current_vnstock_listing,unknown,unverified,2026-08-09
VGL,True,True,True,CTCP Mạ Kẽm Công Nghiệp Vingal - Vnsteel,present_in_current_vnstock_listing,unknown,unverified,2026-08-09
VGP,True,True,True,CTCP Cảng Rau Quả,present_in_current_vnstock_listing,unknown,unverified,2026-08-09
VGR,True,True,True,CTCP Cảng Xanh Vip,present_in_current_vnstock_listing,unknown,unverified,2026-08-09
VGS,True,True,True,CTCP Ống thép Việt - Đức VG PIPE,present_in_current_vnstock_listing,unknown,unverified,2026-08-09
VGT,True,True,True,Tập đoàn Dệt May Việt Nam,present_in_current_vnstock_listing,unknown,unverified,2026-08-09
VGV,True,True,True,Tổng Công ty Tư vấn Xây dựng Việt Nam - CTCP,present_in_current_vnstock_listing,unknown,unverified,2026-08-09
VHC,True,True,True,CTCP Vĩnh Hoàn,present_in_current_vnstock_listing,unknown,unverified,2026-08-09
VHD,True,True,True,CTCP Đầu tư Phát triển Nhà và Đô Thị VINAHUD,present_in_current_vnstock_listing,unknown,unverified,2026-08-09
VHE,True,True,True,CTCP Dược liệu và Thực phẩm Việt Nam,present_in_current_vnstock_listing,unknown,unverified,2026-08-09
VHF,True,True,True,CTCP Xây dựng và Chế biến Lương thực Vĩnh Hà,present_in_current_vnstock_listing,unknown,unverified,2026-08-09
VHG,True,True,True,CTCP Đầu tư Phát triển Việt Trung Nam,present_in_current_vnstock_listing,unknown,unverified,2026-08-09
VHH,True,True,True,CTCP Đầu tư Kinh doanh Nhà Thành Đạt,present_in_current_vnstock_listing,unknown,unverified,2026-08-09
VHL,True,True,True,CTCP Viglacera Hạ Long,present_in_current_vnstock_listing,unknown,unverified,2026-08-09
VHM,True,True,True,CTCP Vinhomes,present_in_current_vnstock_listing,unknown,unverified,2026-08-09
VIB,True,True,True,Ngân hàng TMCP Quốc tế Việt Nam,present_in_current_vnstock_listing,unknown,unverified,2026-08-09
VIC,True,True,True,Tập đoàn VINGROUP - CTCP,present_in_current_vnstock_listing,unknown,unverified,2026-08-09
VID,True,True,True,CTCP Đầu tư Phát triển Thương mại Viễn Đông,present_in_current_vnstock_listing,unknown,unverified,2026-08-09
VIE,True,True,True,CTCP Công nghệ Viễn thông VITECO,present_in_current_vnstock_listing,unknown,unverified,2026-08-09
VIF,True,True,True,Tổng Công ty Lâm nghiệp Việt Nam - CTCP,present_in_current_vnstock_listing,unknown,unverified,2026-08-09
VIG,True,True,True,CTCP Chứng khoán Đầu tư tài chính Việt Nam,present_in_current_vnstock_listing,unknown,unverified,2026-08-09
VIM,True,True,True,CTCP Khoáng sản Viglacera,present_in_current_vnstock_listing,unknown,unverified,2026-08-09
VIN,True,True,True,CTCP Giao nhận Kho vận Ngoại Thương Việt Nam,present_in_current_vnstock_listing,unknown,unverified,2026-08-09
VIP,True,True,True,CTCP Vận tải Xăng dầu VIPCO,present_in_current_vnstock_listing,unknown,unverified,2026-08-09
VIR,True,True,True,CTCP Du lịch Quốc tế Vũng Tàu,present_in_current_vnstock_listing,unknown,unverified,2026-08-09
VIT,True,True,True,CTCP Viglacera Tiên Sơn,present_in_current_vnstock_listing,unknown,unverified,2026-08-09
VIW,True,True,True,Tổng Công ty Đầu tư Nước và Môi trường Việt Nam,present_in_current_vnstock_listing,unknown,unverified,2026-08-09
VIX,True,True,True,CTCP Chứng khoán VIX,present_in_current_vnstock_listing,unknown,unverified,2026-08-09
VJC,True,True,True,CTCP Hàng không Vietjet,present_in_current_vnstock_listing,unknown,unverified,2026-08-09
VKC,True,True,True,CTCP VKC Holdings ,present_in_current_vnstock_listing,unknown,unverified,2026-08-09
VLA,True,True,True,CTCP Đầu tư và Phát triển Công nghệ Văn Lang,present_in_current_vnstock_listing,unknown,unverified,2026-08-09
VLB,True,True,True,CTCP Xây dựng và Sản xuất Vật liệu xây dựng Biên Hòa,present_in_current_vnstock_listing,unknown,unverified,2026-08-09
VLC,True,True,True,Tổng Công ty Chăn Nuôi Việt Nam - CTCP,present_in_current_vnstock_listing,unknown,unverified,2026-08-09
VLG,True,True,True,CTCP VIMC Logistics,present_in_current_vnstock_listing,unknown,unverified,2026-08-09
VLP,True,True,True,CTCP Công trình Công cộng Vĩnh Long,present_in_current_vnstock_listing,unknown,unverified,2026-08-09
VLS,True,True,True,CTCP Sản xuất Thép Việt Long,present_in_current_vnstock_listing,unknown,unverified,2026-08-09
VLW,True,True,True,CTCP Cấp nước Vĩnh Long,present_in_current_vnstock_listing,unknown,unverified,2026-08-09
VMA,True,True,True,CTCP Công nghiệp Ô tô - Vinacomin,present_in_current_vnstock_listing,unknown,unverified,2026-08-09
VMC,True,True,True,CTCP Vimeco,present_in_current_vnstock_listing,unknown,unverified,2026-08-09
VMD,True,True,True,CTCP Y Dược phẩm Vimedimex,present_in_current_vnstock_listing,unknown,unverified,2026-08-09
VMG,True,True,True,CTCP Thương mại và Dịch vụ Dầu khí Vũng Tàu,present_in_current_vnstock_listing,unknown,unverified,2026-08-09
VMK,True,True,True,CTCP Vimarko,present_in_current_vnstock_listing,unknown,unverified,2026-08-09
VMS,True,True,True,CTCP Phát triển Hàng Hải,present_in_current_vnstock_listing,unknown,unverified,2026-08-09
VMT,True,True,True,CTCP Giao nhận Vận tải miền Trung,present_in_current_vnstock_listing,unknown,unverified,2026-08-09
VNA,True,True,True,CTCP Vận tải Biển Vinaship,present_in_current_vnstock_listing,unknown,unverified,2026-08-09
VNB,True,True,True,CTCP Sách Việt Nam,present_in_current_vnstock_listing,unknown,unverified,2026-08-09
VNC,True,True,True,CTCP Tập đoàn Vinacontrol,present_in_current_vnstock_listing,unknown,unverified,2026-08-09
VND,True,True,True,CTCP Chứng khoán VNDIRECT,present_in_current_vnstock_listing,unknown,unverified,2026-08-09
VNE,True,True,True,Tổng Công ty cổ phần Xây dựng Điện Việt Nam,present_in_current_vnstock_listing,unknown,unverified,2026-08-09
VNF,True,True,True,CTCP Vinafreight,present_in_current_vnstock_listing,unknown,unverified,2026-08-09
VNG,True,True,True,CTCP Du lịch Thành Thành Công,present_in_current_vnstock_listing,unknown,unverified,2026-08-09
VNH,True,True,True,CTCP Đầu tư Việt Việt Nhật,present_in_current_vnstock_listing,unknown,unverified,2026-08-09
VNI,True,True,True,CTCP Đầu tư Bất động sản Việt Nam,present_in_current_vnstock_listing,unknown,unverified,2026-08-09
VNL,True,True,True,CTCP Logistics Vinalink,present_in_current_vnstock_listing,unknown,unverified,2026-08-09
VNM,True,True,True,CTCP Sữa Việt Nam,present_in_current_vnstock_listing,unknown,unverified,2026-08-09
VNP,True,True,True,CTCP Nhựa Việt Nam,present_in_current_vnstock_listing,unknown,unverified,2026-08-09
VNR,True,True,True,Tổng Công ty cổ phần Tái Bảo hiểm Quốc gia Việt Nam,present_in_current_vnstock_listing,unknown,unverified,2026-08-09
VNS,True,True,True,CTCP Ánh Dương Việt Nam,present_in_current_vnstock_listing,unknown,unverified,2026-08-09
VNT,True,True,True,CTCP Giao nhận Vận tải Ngoại thương,present_in_current_vnstock_listing,unknown,unverified,2026-08-09
VNX,True,True,True,CTCP Quảng cáo và Hội chợ Thương mại,present_in_current_vnstock_listing,unknown,unverified,2026-08-09
VNY,True,True,True,CTCP Thuốc thú y Trung ương I,present_in_current_vnstock_listing,unknown,unverified,2026-08-09
VNZ,True,True,True,CTCP Tập đoàn VNG ,present_in_current_vnstock_listing,unknown,unverified,2026-08-09
VOS,True,True,True,CTCP Vận tải Biển Việt Nam,present_in_current_vnstock_listing,unknown,unverified,2026-08-09
VPA,True,True,True,CTCP Vận tải Hoá Dầu VP,present_in_current_vnstock_listing,unknown,unverified,2026-08-09
VPB,True,True,True,Ngân hàng TMCP Việt Nam Thịnh Vượng,present_in_current_vnstock_listing,unknown,unverified,2026-08-09
VPC,True,False,True,CTCP Đầu tư và Phát triển Năng lượng Việt Nam,present_in_current_vnstock_listing,unknown,unverified,2026-08-09
VPD,True,True,True,CTCP Phát triển Điện lực Việt Nam,present_in_current_vnstock_listing,unknown,unverified,2026-08-09
VPG,True,True,True,CTCP Đầu tư Thương mại Xuất nhập khẩu Việt Phát,present_in_current_vnstock_listing,unknown,unverified,2026-08-09
VPH,True,True,True,CTCP Vạn Phát Hưng,present_in_current_vnstock_listing,unknown,unverified,2026-08-09
VPI,True,True,True,CTCP Phát triển Bất động sản Văn Phú,present_in_current_vnstock_listing,unknown,unverified,2026-08-09
VPL,True,True,True,CTCP Vinpearl,present_in_current_vnstock_listing,unknown,unverified,2026-08-09
VPR,True,True,True,CTCP VinaPrint,present_in_current_vnstock_listing,unknown,unverified,2026-08-09
VPS,True,True,True,CTCP Thuốc sát trùng Việt Nam ,present_in_current_vnstock_listing,unknown,unverified,2026-08-09
VPW,True,True,True,CTCP Cấp thoát nước Số 1 Vĩnh Phúc,present_in_current_vnstock_listing,unknown,unverified,2026-08-09
VPX,True,True,True,CTCP Chứng khoán VPBank,present_in_current_vnstock_listing,unknown,unverified,2026-08-09
VQC,True,True,True,CTCP Giám định - Vinacomin,present_in_current_vnstock_listing,unknown,unverified,2026-08-09
VRC,True,True,True,CTCP Bất động sản và Đầu tư VRC,present_in_current_vnstock_listing,unknown,unverified,2026-08-09
VRE,True,True,True,CTCP Vincom Retail,present_in_current_vnstock_listing,unknown,unverified,2026-08-09
VRG,True,True,True,CTCP Phát triển Đô thị và Khu công nghiệp Cao su Việt Nam,present_in_current_vnstock_listing,unknown,unverified,2026-08-09
VSA,True,True,True,CTCP Đại lý Hàng hải Việt Nam,present_in_current_vnstock_listing,unknown,unverified,2026-08-09
VSC,True,True,True,CTCP Container Việt Nam,present_in_current_vnstock_listing,unknown,unverified,2026-08-09
VSE,True,True,True,CTCP Dịch vụ Đường cao tốc Việt Nam,present_in_current_vnstock_listing,unknown,unverified,2026-08-09
VSF,True,True,True,Tổng Công ty Lương thực Miền Nam - CTCP,present_in_current_vnstock_listing,unknown,unverified,2026-08-09
VSG,True,True,True,CTCP Container Phía Nam,present_in_current_vnstock_listing,unknown,unverified,2026-08-09
VSH,True,True,True,CTCP Thủy điện Vĩnh Sơn - Sông Hinh,present_in_current_vnstock_listing,unknown,unverified,2026-08-09
VSI,True,True,True,CTCP Đầu tư và Xây dựng Cấp thoát nước,present_in_current_vnstock_listing,unknown,unverified,2026-08-09
VSM,True,True,True,CTCP Container Miền Trung,present_in_current_vnstock_listing,unknown,unverified,2026-08-09
VSN,True,True,True,CTCP Việt Nam Kỹ nghệ Súc sản,present_in_current_vnstock_listing,unknown,unverified,2026-08-09
VST,True,True,True,CTCP Vận tải và Thuê tàu biển Việt Nam,present_in_current_vnstock_listing,unknown,unverified,2026-08-09
VTA,True,True,True,CTCP Vitaly,present_in_current_vnstock_listing,unknown,unverified,2026-08-09
VTB,True,True,True,CTCP Viettronics Tân Bình,present_in_current_vnstock_listing,unknown,unverified,2026-08-09
VTC,True,True,True,CTCP Viễn thông VTC,present_in_current_vnstock_listing,unknown,unverified,2026-08-09
VTD,True,True,True,CTCP Vietourist Holdings,present_in_current_vnstock_listing,unknown,unverified,2026-08-09
VTE,True,True,True,CTCP VINACAP Kim Long,present_in_current_vnstock_listing,unknown,unverified,2026-08-09
VTG,True,True,True,CTCP Du lịch Tỉnh Bà Rịa - Vũng Tàu,present_in_current_vnstock_listing,unknown,unverified,2026-08-09
VTH,True,True,True,CTCP Dây cáp Điện Việt Thái,present_in_current_vnstock_listing,unknown,unverified,2026-08-09
VTI,True,True,True,CTCP Sản xuất - Xuất nhập khẩu Dệt may,present_in_current_vnstock_listing,unknown,unverified,2026-08-09
VTJ,True,True,True,CTCP Thương mại và Đầu tư VI NA TA BA,present_in_current_vnstock_listing,unknown,unverified,2026-08-09
VTK,True,True,True,CTCP Tư Vấn Và Dịch Vụ Viettel,present_in_current_vnstock_listing,unknown,unverified,2026-08-09
VTM,True,True,True,CTCP Vận tải và Đưa đón thợ mỏ - VINACOMIN,present_in_current_vnstock_listing,unknown,unverified,2026-08-09
VTO,True,True,True,CTCP Vận tải Xăng dầu Vitaco,present_in_current_vnstock_listing,unknown,unverified,2026-08-09
VTP,True,True,True,Tổng Công ty cổ phần Bưu chính Viettel,present_in_current_vnstock_listing,unknown,unverified,2026-08-09
VTQ,True,True,True,CTCP Việt Trung Quảng Bình,present_in_current_vnstock_listing,unknown,unverified,2026-08-09
VTR,True,True,True,CTCP Du lịch Vietravel,present_in_current_vnstock_listing,unknown,unverified,2026-08-09
VTS,True,True,True,CTCP Gạch ngói Từ Sơn,present_in_current_vnstock_listing,unknown,unverified,2026-08-09
VTV,True,True,True,CTCP Năng lượng và Môi trường VICEM,present_in_current_vnstock_listing,unknown,unverified,2026-08-09
VTX,True,True,True,CTCP Vận tải Đa Phương Thức Vietranstimex,present_in_current_vnstock_listing,unknown,unverified,2026-08-09
VTZ,True,True,True,CTCP Sản xuất và Thương mại Nhựa Việt Thành,present_in_current_vnstock_listing,unknown,unverified,2026-08-09
VUA,True,True,True,CTCP Chứng khoán Stanley Brothers,present_in_current_vnstock_listing,unknown,unverified,2026-08-09
VVN,True,True,True,Tổng Công ty cổ phần Xây dựng Công nghiệp Việt Nam,present_in_current_vnstock_listing,unknown,unverified,2026-08-09
VVS,True,True,True,CTCP Đầu tư phát triển máy Việt Nam,present_in_current_vnstock_listing,unknown,unverified,2026-08-09
VW3,True,True,True,CTCP Viwaseen3,present_in_current_vnstock_listing,unknown,unverified,2026-08-09
VWS,True,True,True,CTCP Nước và Môi Trường Việt Nam,present_in_current_vnstock_listing,unknown,unverified,2026-08-09
VXB,True,True,True,CTCP Vật liệu Xây dựng Bến Tre,present_in_current_vnstock_listing,unknown,unverified,2026-08-09
VXP,True,True,True,CTCP Thuốc Thú y Trung ương VETVACO,present_in_current_vnstock_listing,unknown,unverified,2026-08-09
VXT,True,True,True,CTCP Kho vận và Dịch vụ Thương mại,present_in_current_vnstock_listing,unknown,unverified,2026-08-09
WCS,True,True,True,CTCP Bến xe Miền Tây,present_in_current_vnstock_listing,unknown,unverified,2026-08-09
WSB,True,True,True,CTCP Bia Sài Gòn - Miền Tây,present_in_current_vnstock_listing,unknown,unverified,2026-08-09
WSS,True,True,True,CTCP Chứng khoán Phố Wall,present_in_current_vnstock_listing,unknown,unverified,2026-08-09
WTC,True,True,True,CTCP Vận tải Thủy - Vinacomin,present_in_current_vnstock_listing,unknown,unverified,2026-08-09
X20,True,True,True,CTCP X20,present_in_current_vnstock_listing,unknown,unverified,2026-08-09
X26,True,True,True,CTCP 26,present_in_current_vnstock_listing,unknown,unverified,2026-08-09
X77,True,True,True,CTCP Thành An 77,present_in_current_vnstock_listing,unknown,unverified,2026-08-09
XDH,True,True,True,CTCP Đầu tư Xây dựng Dân dụng Hà Nội,present_in_current_vnstock_listing,unknown,unverified,2026-08-09
XHC,True,True,True,CTCP Xuân Hòa Việt Nam,present_in_current_vnstock_listing,unknown,unverified,2026-08-09
XLV,True,True,True,CTCP Xây Lắp và Dịch vụ Sông Đà,present_in_current_vnstock_listing,unknown,unverified,2026-08-09
XMC,True,True,True,CTCP Đầu tư và Xây dựng Xuân Mai,present_in_current_vnstock_listing,unknown,unverified,2026-08-09
XMD,True,True,True,CTCP Xuân Mai - Đạo Tú,present_in_current_vnstock_listing,unknown,unverified,2026-08-09
XMP,True,True,True,CTCP Thủy điện Xuân Minh,present_in_current_vnstock_listing,unknown,unverified,2026-08-09
XPH,True,True,True,CTCP Xà phòng Hà Nội,present_in_current_vnstock_listing,unknown,unverified,2026-08-09
YBC,True,True,True,CTCP Xi măng và Khoáng sản Yên Bái,present_in_current_vnstock_listing,unknown,unverified,2026-08-09
YBM,True,True,True,CTCP YBM,present_in_current_vnstock_listing,unknown,unverified,2026-08-09
YEG,True,True,True,CTCP Tập đoàn Yeah1,present_in_current_vnstock_listing,unknown,unverified,2026-08-09
YTC,True,True,True,CTCP Xuất nhập khẩu Y tế Thành phố Hồ Chí Minh,present_in_current_vnstock_listing,unknown,unverified,2026-08-09
